timestamp,elapsed_time_seconds,cpu_percent,ram_percent,gpu_percent,gpu_memory_mb,gpu_temperature_c,gpu_power_w
1791467584.6568768,1791467584.6568768,0.0,27.7,,,,
1791467585.6583583,1791467585.6583583,50.6,27.7,,,,
1791467586.6597297,1791467586.6597297,27.7,27.8,,,,
1791467587.6602623,1791467587.6602623,15.8,27.7,,,,
1791467588.6612067,1791467588.6612067,34.1,27.7,,,,
1791467589.6620667,1791467589.6620667,59.5,27.7,,,,
1791467590.6630816,1791467590.6630816,96.0,29.3,,,,
1791467591.6649215,1791467591.6649215,97.1,29.3,,,,
1791467592.6681483,1791467592.6681483,99.5,28.4,,,,
1791467593.6936016,1791467593.6936016,100.0,29.4,,,,
1791467594.710211,1791467594.710211,100.0,28.7,,,,
1791467595.7129095,1791467595.7129095,99.4,28.8,,,,
1791467596.7260613,1791467596.7260613,99.9,29.1,,,,
1791467597.7284336,1791467597.7284336,100.0,28.6,,,,
1791467598.7303338,1791467598.7303338,99.8,28.6,,,,
1791467599.7397451,1791467599.7397451,100.0,29.0,,,,
1791467600.769091,1791467600.769091,100.0,28.6,,,,
1791467601.7702582,1791467601.7702582,96.8,28.5,,,,
1791467602.7741735,1791467602.7741735,92.7,29.0,,,,
1791467603.7771537,1791467603.7771537,93.2,28.3,,,,
1791467604.7858274,1791467604.7858274,94.0,29.3,,,,
1791467605.7931993,1791467605.7931993,98.5,28.6,,,,
1791467606.7941217,1791467606.7941217,94.2,28.4,,,,
1791467607.795706,1791467607.795706,97.0,29.0,,,,
1791467608.7978368,1791467608.7978368,98.6,28.7,,,,
1791467609.8108742,1791467609.8108742,99.8,28.6,,,,
1791467610.8882627,1791467610.8882627,99.8,29.0,,,,
1791467611.8902414,1791467611.8902414,97.9,28.7,,,,
1791467612.8917224,1791467612.8917224,96.0,28.8,,,,
1791467613.9042015,1791467613.9042015,99.4,29.3,,,,
1791467614.9156938,1791467614.9156938,96.4,28.5,,,,
1791467615.917296,1791467615.917296,89.1,29.3,,,,
1791467616.9187965,1791467616.9187965,95.4,29.4,,,,
1791467617.922149,1791467617.922149,95.3,28.7,,,,
1791467618.9253416,1791467618.9253416,96.9,29.3,,,,
1791467619.927017,1791467619.927017,91.3,28.7,,,,
1791467620.9285026,1791467620.9285026,90.5,29.3,,,,
1791467621.93027,1791467621.93027,89.5,29.4,,,,
1791467622.9312353,1791467622.9312353,93.5,29.2,,,,
1791467623.9327102,1791467623.9327102,93.2,29.3,,,,
1791467624.934082,1791467624.934082,88.9,28.8,,,,
1791467625.9358203,1791467625.9358203,88.8,29.4,,,,
1791467626.936986,1791467626.936986,90.9,27.8,,,,
1791467627.9382675,1791467627.9382675,94.8,29.0,,,,
1791467628.939936,1791467628.939936,89.3,29.3,,,,
1791467629.9411662,1791467629.9411662,88.7,29.3,,,,
1791467630.9424493,1791467630.9424493,90.1,29.4,,,,
1791467631.9438066,1791467631.9438066,91.4,28.8,,,,
1791467632.945076,1791467632.945076,92.4,29.3,,,,
1791467633.9472635,1791467633.9472635,95.2,27.9,,,,
1791467634.9557033,1791467634.9557033,99.1,29.5,,,,
1791467635.9763815,1791467635.9763815,99.9,28.7,,,,
1791467636.9779663,1791467636.9779663,98.8,28.4,,,,
1791467637.9796395,1791467637.9796395,94.5,29.3,,,,
1791467638.98395,1791467638.98395,90.2,27.8,,,,
1791467639.9850578,1791467639.9850578,96.9,29.5,,,,
1791467640.9876645,1791467640.9876645,90.2,29.5,,,,
1791467641.9896593,1791467641.9896593,88.8,28.9,,,,
1791467642.9908352,1791467642.9908352,92.4,29.4,,,,
1791467643.9919002,1791467643.9919002,92.9,28.5,,,,
1791467644.9933488,1791467644.9933488,91.6,29.4,,,,
1791467645.9949844,1791467645.9949844,87.6,28.6,,,,
1791467646.9962106,1791467646.9962106,89.8,29.3,,,,
1791467647.997815,1791467647.997815,97.6,28.8,,,,
1791467648.9990318,1791467648.9990318,97.9,28.4,,,,
1791467650.0007784,1791467650.0007784,99.1,28.9,,,,
1791467651.0034373,1791467651.0034373,99.4,28.7,,,,
1791467652.0048175,1791467652.0048175,98.5,28.4,,,,
1791467653.0066597,1791467653.0066597,100.0,29.1,,,,
1791467654.0087805,1791467654.0087805,98.3,28.7,,,,
1791467655.010194,1791467655.010194,98.0,28.7,,,,
1791467656.0126712,1791467656.0126712,96.8,29.3,,,,
1791467657.016053,1791467657.016053,100.0,28.8,,,,
1791467658.0174823,1791467658.0174823,96.8,29.3,,,,
1791467659.0192604,1791467659.0192604,97.5,29.5,,,,
1791467660.0205276,1791467660.0205276,95.8,27.9,,,,
1791467661.0218685,1791467661.0218685,97.2,29.5,,,,
1791467662.0235035,1791467662.0235035,99.6,28.8,,,,
1791467663.0254123,1791467663.0254123,99.3,28.2,,,,
1791467664.0340493,1791467664.0340493,99.4,29.4,,,,
1791467665.0426595,1791467665.0426595,99.6,28.8,,,,
1791467666.0441854,1791467666.0441854,100.0,28.6,,,,
1791467667.063195,1791467667.063195,98.8,29.2,,,,
1791467668.082727,1791467668.082727,99.7,28.8,,,,
1791467669.0842059,1791467669.0842059,97.6,29.0,,,,
1791467670.0857954,1791467670.0857954,97.1,28.9,,,,
1791467671.0879667,1791467671.0879667,93.7,28.4,,,,
1791467672.0894048,1791467672.0894048,87.7,29.6,,,,
1791467673.091469,1791467673.091469,92.3,29.6,,,,
1791467674.0935042,1791467674.0935042,93.6,29.5,,,,
1791467675.0944748,1791467675.0944748,94.1,29.5,,,,
1791467676.0957923,1791467676.0957923,87.5,29.1,,,,
1791467677.0981565,1791467677.0981565,92.5,29.6,,,,
1791467678.099319,1791467678.099319,93.9,28.0,,,,
1791467679.100267,1791467679.100267,97.6,29.5,,,,
1791467680.1021364,1791467680.1021364,87.5,29.6,,,,
1791467681.1050496,1791467681.1050496,87.4,29.4,,,,
1791467682.1066947,1791467682.1066947,93.1,29.6,,,,
1791467683.1081042,1791467683.1081042,91.6,28.7,,,,
1791467684.1096203,1791467684.1096203,89.9,29.5,,,,
1791467685.111149,1791467685.111149,87.7,28.0,,,,
1791467686.1156652,1791467686.1156652,90.1,29.7,,,,
1791467687.117481,1791467687.117481,95.1,29.6,,,,
1791467688.1187937,1791467688.1187937,89.0,29.4,,,,
1791467689.1204116,1791467689.1204116,91.7,29.6,,,,
1791467690.1217146,1791467690.1217146,87.9,28.0,,,,
1791467691.1228356,1791467691.1228356,97.3,29.7,,,,
1791467692.1241612,1791467692.1241612,90.2,29.7,,,,
1791467693.1254027,1791467693.1254027,88.6,29.4,,,,
1791467694.126918,1791467694.126918,90.1,29.6,,,,
1791467695.128158,1791467695.128158,92.6,28.1,,,,
1791467696.1293836,1791467696.1293836,90.7,29.7,,,,
1791467697.1307085,1791467697.1307085,88.8,29.7,,,,
1791467698.132346,1791467698.132346,93.1,29.6,,,,
1791467699.1346374,1791467699.1346374,98.9,29.0,,,,
1791467700.135934,1791467700.135934,98.3,28.7,,,,
1791467701.1375506,1791467701.1375506,96.4,29.6,,,,
1791467702.1392808,1791467702.1392808,96.1,29.0,,,,
1791467703.1406305,1791467703.1406305,94.1,28.1,,,,
1791467704.1417837,1791467704.1417837,94.9,29.6,,,,
1791467705.1431968,1791467705.1431968,86.8,29.5,,,,
1791467706.144761,1791467706.144761,87.6,29.6,,,,
1791467707.1462824,1791467707.1462824,93.0,29.8,,,,
1791467708.147721,1791467708.147721,93.0,28.2,,,,
1791467709.1486862,1791467709.1486862,91.4,29.3,,,,
1791467710.1498232,1791467710.1498232,87.0,29.7,,,,
1791467711.1507387,1791467711.1507387,90.7,29.7,,,,
1791467712.1522791,1791467712.1522791,95.4,29.7,,,,
1791467713.154413,1791467713.154413,88.1,29.5,,,,
1791467714.1561208,1791467714.1561208,90.4,29.7,,,,
1791467715.1572826,1791467715.1572826,90.7,28.8,,,,
1791467716.1585875,1791467716.1585875,100.0,29.4,,,,
1791467717.160304,1791467717.160304,98.1,29.0,,,,
1791467718.1618857,1791467718.1618857,97.1,29.3,,,,
1791467719.1725001,1791467719.1725001,97.1,29.7,,,,
1791467720.1740916,1791467720.1740916,97.9,28.3,,,,
1791467721.1755555,1791467721.1755555,99.2,29.7,,,,
1791467722.1769044,1791467722.1769044,99.7,29.0,,,,
1791467723.1783144,1791467723.1783144,96.5,29.0,,,,
1791467724.179994,1791467724.179994,98.3,29.7,,,,
1791467725.182147,1791467725.182147,99.1,29.1,,,,
1791467726.1841612,1791467726.1841612,96.3,29.3,,,,
1791467727.185952,1791467727.185952,98.6,29.7,,,,
1791467728.187939,1791467728.187939,97.0,29.1,,,,
1791467729.1920075,1791467729.1920075,99.2,29.8,,,,
1791467730.2305298,1791467730.2305298,100.0,29.1,,,,
1791467731.2443855,1791467731.2443855,100.0,29.2,,,,
1791467732.27001,1791467732.27001,100.0,29.5,,,,
1791467733.3241115,1791467733.3241115,100.0,29.6,,,,
1791467734.4239135,1791467734.4239135,100.0,28.6,,,,
1791467735.4265196,1791467735.4265196,100.0,29.1,,,,
1791467736.480976,1791467736.480976,100.0,29.5,,,,
1791467737.4834652,1791467737.4834652,100.0,29.3,,,,
1791467738.488512,1791467738.488512,99.9,28.7,,,,
1791467739.50044,1791467739.50044,100.0,30.0,,,,
1791467740.559981,1791467740.559981,99.6,29.3,,,,
1791467741.5610082,1791467741.5610082,100.0,29.3,,,,
1791467742.5624352,1791467742.5624352,100.0,29.8,,,,
1791467743.6320632,1791467743.6320632,99.5,29.4,,,,
1791467744.6332598,1791467744.6332598,99.1,29.9,,,,
1791467745.6347382,1791467745.6347382,99.9,29.2,,,,
1791467746.6365619,1791467746.6365619,99.7,29.5,,,,
1791467747.6387892,1791467747.6387892,100.0,29.7,,,,
1791467748.6403294,1791467748.6403294,99.6,29.6,,,,
1791467749.6419017,1791467749.6419017,100.0,29.5,,,,
1791467750.6476471,1791467750.6476471,99.9,29.7,,,,
1791467751.7124398,1791467751.7124398,98.2,29.9,,,,
1791467752.7138076,1791467752.7138076,93.5,29.5,,,,
1791467753.715331,1791467753.715331,95.2,30.2,,,,
1791467754.7169986,1791467754.7169986,97.0,29.5,,,,
1791467755.731792,1791467755.731792,99.1,29.2,,,,
1791467756.7346742,1791467756.7346742,100.0,30.2,,,,
1791467757.7377212,1791467757.7377212,96.5,30.2,,,,
1791467758.7388902,1791467758.7388902,88.5,29.6,,,,
1791467759.7400322,1791467759.7400322,95.9,30.1,,,,
1791467760.7415345,1791467760.7415345,94.2,28.6,,,,
1791467761.742865,1791467761.742865,89.9,30.2,,,,
1791467762.744992,1791467762.744992,88.0,30.2,,,,
1791467763.7466824,1791467763.7466824,95.7,29.9,,,,
1791467764.7702181,1791467764.7702181,100.0,29.4,,,,
1791467765.77163,1791467765.77163,96.9,29.5,,,,
1791467766.7734377,1791467766.7734377,98.4,30.2,,,,
1791467767.7812364,1791467767.7812364,99.7,29.5,,,,
1791467768.7823312,1791467768.7823312,94.3,28.6,,,,
1791467769.783869,1791467769.783869,92.6,30.0,,,,
1791467770.7859268,1791467770.7859268,89.2,30.1,,,,
1791467771.7875187,1791467771.7875187,90.4,30.1,,,,
1791467772.7916038,1791467772.7916038,94.7,30.2,,,,
1791467773.792653,1791467773.792653,93.1,28.7,,,,
1791467774.793635,1791467774.793635,90.3,30.0,,,,
1791467775.795202,1791467775.795202,87.7,30.3,,,,
1791467776.7963758,1791467776.7963758,92.5,30.2,,,,
1791467777.798954,1791467777.798954,95.5,30.3,,,,
1791467778.8002992,1791467778.8002992,87.0,29.5,,,,
1791467779.80156,1791467779.80156,90.3,30.2,,,,
1791467780.8028412,1791467780.8028412,88.7,28.7,,,,
1791467781.8039417,1791467781.8039417,95.9,30.2,,,,
1791467782.8059387,1791467782.8059387,97.5,29.6,,,,
1791467783.8070645,1791467783.8070645,96.8,29.4,,,,
1791467784.8106086,1791467784.8106086,96.5,30.2,,,,
1791467785.8159204,1791467785.8159204,99.1,29.6,,,,
1791467786.817062,1791467786.817062,98.3,30.1,,,,
1791467787.8199546,1791467787.8199546,97.8,30.3,,,,
1791467788.8213186,1791467788.8213186,99.4,29.3,,,,
1791467789.8227465,1791467789.8227465,98.5,30.3,,,,
1791467790.824056,1791467790.824056,99.4,29.6,,,,
1791467791.8255594,1791467791.8255594,95.9,29.9,,,,
1791467792.8480296,1791467792.8480296,99.4,30.1,,,,
1791467793.8497899,1791467793.8497899,98.7,29.7,,,,
1791467794.8527055,1791467794.8527055,100.0,30.4,,,,
1791467795.872158,1791467795.872158,95.1,29.7,,,,
1791467796.8737185,1791467796.8737185,88.5,29.6,,,,
1791467797.8751159,1791467797.8751159,92.8,30.3,,,,
1791467798.8773937,1791467798.8773937,96.9,29.7,,,,
1791467799.8809607,1791467799.8809607,100.0,30.1,,,,
1791467800.8925273,1791467800.8925273,99.9,29.7,,,,
1791467801.9102092,1791467801.9102092,99.7,29.7,,,,
1791467802.9131978,1791467802.9131978,99.7,30.2,,,,
1791467803.9202793,1791467803.9202793,100.0,29.6,,,,
1791467804.9312937,1791467804.9312937,99.8,28.8,,,,
1791467805.932433,1791467805.932433,98.2,30.2,,,,
1791467806.9345317,1791467806.9345317,89.4,30.4,,,,
1791467807.9467356,1791467807.9467356,96.2,29.8,,,,
1791467808.973073,1791467808.973073,93.1,30.4,,,,
1791467809.9752138,1791467809.9752138,91.1,30.4,,,,
1791467810.9763908,1791467810.9763908,88.9,30.3,,,,
1791467811.9784613,1791467811.9784613,94.9,29.7,,,,
1791467812.9798775,1791467812.9798775,92.6,30.2,,,,
1791467813.9813862,1791467813.9813862,88.8,30.5,,,,
1791467814.9829364,1791467814.9829364,88.5,28.9,,,,
1791467815.9844108,1791467815.9844108,93.4,30.0,,,,
1791467816.9864357,1791467816.9864357,93.0,30.5,,,,
1791467817.9877093,1791467817.9877093,90.1,30.3,,,,
1791467818.9893534,1791467818.9893534,91.2,30.5,,,,
1791467819.9903643,1791467819.9903643,89.1,30.2,,,,
1791467820.9914358,1791467820.9914358,98.3,29.4,,,,
1791467821.9929502,1791467821.9929502,94.4,29.8,,,,
1791467822.9943354,1791467822.9943354,88.6,30.5,,,,
1791467823.9954207,1791467823.9954207,89.4,30.5,,,,
1791467824.9968517,1791467824.9968517,94.2,29.8,,,,
1791467825.998085,1791467825.998085,90.1,30.4,,,,
1791467826.9991076,1791467826.9991076,85.6,28.9,,,,
1791467827.9998775,1791467827.9998775,95.6,30.4,,,,
1791467829.001197,1791467829.001197,99.1,29.8,,,,
1791467830.0025787,1791467830.0025787,97.4,29.8,,,,
1791467831.0046823,1791467831.0046823,96.7,30.2,,,,
1791467832.0068147,1791467832.0068147,98.7,29.8,,,,
1791467833.0088053,1791467833.0088053,97.7,30.4,,,,
1791467834.010887,1791467834.010887,94.2,29.8,,,,
1791467835.0121264,1791467835.0121264,87.0,29.5,,,,
1791467836.0135546,1791467836.0135546,92.3,30.4,,,,
1791467837.03022,1791467837.03022,88.1,28.9,,,,
1791467838.0315218,1791467838.0315218,93.1,30.5,,,,
1791467839.0330663,1791467839.0330663,91.9,30.6,,,,
1791467840.034036,1791467840.034036,87.7,30.2,,,,
1791467841.0353274,1791467841.0353274,93.7,30.4,,,,
1791467842.0365758,1791467842.0365758,95.9,28.9,,,,
1791467843.0383277,1791467843.0383277,89.5,30.5,,,,
1791467844.0404286,1791467844.0404286,87.9,30.5,,,,
1791467845.041793,1791467845.041793,88.4,30.4,,,,
1791467846.045978,1791467846.045978,96.0,30.5,,,,
1791467847.0476952,1791467847.0476952,87.3,30.1,,,,
1791467848.0492191,1791467848.0492191,91.0,30.5,,,,
1791467849.0503042,1791467849.0503042,88.4,28.9,,,,
1791467850.0516057,1791467850.0516057,99.6,30.5,,,,
1791467851.058891,1791467851.058891,99.0,29.8,,,,
1791467852.060127,1791467852.060127,96.1,29.6,,,,
1791467853.0635533,1791467853.0635533,96.4,30.0,,,,
1791467854.0653732,1791467854.0653732,97.1,29.8,,,,
1791467855.0665805,1791467855.0665805,99.5,29.5,,,,
1791467856.069511,1791467856.069511,98.5,30.3,,,,
1791467857.0850646,1791467857.0850646,96.9,29.9,,,,
1791467858.0864193,1791467858.0864193,96.6,30.1,,,,
1791467859.102567,1791467859.102567,99.6,30.6,,,,
1791467860.1041257,1791467860.1041257,98.0,30.0,,,,
1791467861.1056986,1791467861.1056986,97.3,30.7,,,,
1791467862.1083553,1791467862.1083553,99.7,29.9,,,,
1791467863.1095858,1791467863.1095858,98.2,29.1,,,,
1791467864.1104698,1791467864.1104698,94.9,30.7,,,,
1791467865.1117492,1791467865.1117492,88.1,30.7,,,,
1791467866.1139717,1791467866.1139717,92.5,30.2,,,,
1791467867.124381,1791467867.124381,100.0,30.3,,,,
1791467868.1260383,1791467868.1260383,100.0,29.8,,,,
1791467869.1292748,1791467869.1292748,99.7,30.7,,,,
1791467870.131039,1791467870.131039,100.0,29.9,,,,
1791467871.1325676,1791467871.1325676,99.0,29.1,,,,
1791467872.1337953,1791467872.1337953,99.9,30.5,,,,
1791467873.1357718,1791467873.1357718,99.9,30.0,,,,
1791467874.1371167,1791467874.1371167,97.7,29.1,,,,
1791467875.138483,1791467875.138483,89.6,30.7,,,,
1791467876.1417968,1791467876.1417968,90.6,30.7,,,,
1791467877.1427903,1791467877.1427903,94.8,30.3,,,,
1791467878.1451123,1791467878.1451123,91.2,30.7,,,,
1791467879.1466534,1791467879.1466534,86.9,29.6,,,,
1791467880.1569536,1791467880.1569536,94.3,30.4,,,,
1791467881.1957405,1791467881.1957405,93.1,30.8,,,,
1791467882.196761,1791467882.196761,90.7,30.7,,,,
1791467883.1980822,1791467883.1980822,92.5,30.7,,,,
1791467884.1991072,1791467884.1991072,94.0,30.1,,,,
1791467885.2007756,1791467885.2007756,98.2,30.3,,,,
1791467886.2030258,1791467886.2030258,91.0,30.8,,,,
1791467887.2045686,1791467887.2045686,88.1,30.6,,,,
1791467888.2057993,1791467888.2057993,90.9,30.0,,,,
1791467889.2069228,1791467889.2069228,94.5,30.4,,,,
1791467890.2084115,1791467890.2084115,95.0,30.7,,,,
1791467891.2101192,1791467891.2101192,87.0,29.2,,,,
1791467892.2173865,1791467892.2173865,89.6,30.3,,,,
1791467893.2190027,1791467893.2190027,91.8,30.6,,,,
1791467894.220282,1791467894.220282,98.7,30.5,,,,
1791467895.2215836,1791467895.2215836,97.3,30.6,,,,
1791467896.2225544,1791467896.2225544,96.1,30.6,,,,
1791467897.2239995,1791467897.2239995,98.1,30.5,,,,
1791467898.2253911,1791467898.2253911,100.0,29.9,,,,
1791467899.2266517,1791467899.2266517,91.2,29.9,,,,
1791467900.2280543,1791467900.2280543,87.6,30.7,,,,
1791467901.229863,1791467901.229863,89.4,30.7,,,,
1791467902.2313442,1791467902.2313442,94.4,30.5,,,,
1791467903.2340872,1791467903.2340872,94.7,30.7,,,,
1791467904.2352784,1791467904.2352784,88.4,29.9,,,,
1791467905.2369058,1791467905.2369058,88.8,30.8,,,,
1791467906.2394702,1791467906.2394702,90.1,30.1,,,,
1791467907.2418134,1791467907.2418134,97.0,30.5,,,,
1791467908.2435138,1791467908.2435138,90.5,30.1,,,,
1791467909.2447863,1791467909.2447863,88.5,30.8,,,,
1791467910.2469747,1791467910.2469747,88.8,30.8,,,,
1791467911.2512898,1791467911.2512898,95.6,30.0,,,,
1791467912.277486,1791467912.277486,88.8,30.7,,,,
1791467913.279103,1791467913.279103,87.5,29.3,,,,
1791467914.2801974,1791467914.2801974,88.9,30.8,,,,
1791467915.2816923,1791467915.2816923,96.7,30.8,,,,
1791467916.2830596,1791467916.2830596,90.0,29.9,,,,
1791467917.2845132,1791467917.2845132,96.8,30.7,,,,
1791467918.288317,1791467918.288317,96.7,30.1,,,,
1791467919.289637,1791467919.289637,99.6,30.4,,,,
1791467920.2914252,1791467920.2914252,98.6,30.5,,,,
1791467921.2929747,1791467921.2929747,96.6,30.2,,,,
1791467922.2968621,1791467922.2968621,97.7,30.8,,,,
1791467923.2987955,1791467923.2987955,100.0,30.1,,,,
1791467924.3000717,1791467924.3000717,99.0,29.4,,,,
1791467925.3019779,1791467925.3019779,97.1,30.9,,,,
1791467926.304746,1791467926.304746,98.0,30.1,,,,
1791467927.3057654,1791467927.3057654,97.5,29.3,,,,
1791467928.30679,1791467928.30679,99.9,30.7,,,,
1791467929.3086324,1791467929.3086324,99.0,30.2,,,,
1791467930.3102226,1791467930.3102226,96.7,29.8,,,,
1791467931.3120434,1791467931.3120434,89.8,30.9,,,,
1791467932.31601,1791467932.31601,96.4,29.8,,,,
1791467933.317688,1791467933.317688,89.8,30.8,,,,
1791467934.3197773,1791467934.3197773,94.1,30.9,,,,
1791467935.3210166,1791467935.3210166,99.7,30.2,,,,
1791467936.3240116,1791467936.3240116,99.9,30.6,,,,
1791467937.3254046,1791467937.3254046,99.9,30.2,,,,
1791467938.3263168,1791467938.3263168,99.6,30.2,,,,
1791467939.327837,1791467939.327837,99.0,30.7,,,,
1791467940.3294258,1791467940.3294258,99.5,30.2,,,,
1791467941.3306074,1791467941.3306074,99.7,30.3,,,,
1791467942.332056,1791467942.332056,93.8,30.9,,,,
1791467943.3334422,1791467943.3334422,87.1,30.3,,,,
1791467944.3351996,1791467944.3351996,92.6,30.8,,,,
1791467945.3371582,1791467945.3371582,95.2,30.9,,,,
1791467946.3383522,1791467946.3383522,89.4,30.8,,,,
1791467947.3396063,1791467947.3396063,90.1,30.9,,,,
1791467948.3409398,1791467948.3409398,89.3,30.0,,,,
1791467949.3434193,1791467949.3434193,96.7,30.6,,,,
1791467950.346472,1791467950.346472,92.6,30.2,,,,
1791467951.3473485,1791467951.3473485,90.3,30.8,,,,
1791467952.34858,1791467952.34858,90.2,30.9,,,,
1791467953.3500297,1791467953.3500297,90.9,29.9,,,,
1791467954.3510427,1791467954.3510427,94.1,30.6,,,,
1791467955.35207,1791467955.35207,88.2,30.3,,,,
1791467956.3535185,1791467956.3535185,87.2,30.8,,,,
1791467957.3551998,1791467957.3551998,90.8,30.9,,,,
1791467958.3573136,1791467958.3573136,94.5,30.7,,,,
1791467959.3821461,1791467959.3821461,95.9,30.9,,,,
1791467960.3832057,1791467960.3832057,95.5,29.3,,,,
1791467961.3848772,1791467961.3848772,98.4,30.9,,,,
1791467962.4033623,1791467962.4033623,100.0,30.2,,,,
1791467963.4046986,1791467963.4046986,94.5,29.9,,,,
1791467964.40639,1791467964.40639,90.6,30.9,,,,
1791467965.4083972,1791467965.4083972,88.7,29.3,,,,
1791467966.409333,1791467966.409333,96.0,30.8,,,,
1791467967.4109244,1791467967.4109244,90.8,30.9,,,,
1791467968.411839,1791467968.411839,89.2,30.7,,,,
1791467969.4134872,1791467969.4134872,89.0,29.6,,,,
1791467970.414905,1791467970.414905,93.0,30.0,,,,
1791467971.417592,1791467971.417592,93.0,30.6,,,,
1791467972.4187934,1791467972.4187934,88.4,31.0,,,,
1791467973.4197004,1791467973.4197004,88.9,30.9,,,,
1791467974.4217148,1791467974.4217148,91.6,30.9,,,,
1791467975.4230459,1791467975.4230459,93.2,30.3,,,,
1791467976.4245908,1791467976.4245908,89.9,31.0,,,,
1791467977.4257312,1791467977.4257312,87.9,30.0,,,,
1791467978.4270399,1791467978.4270399,90.9,30.9,,,,
1791467979.4286602,1791467979.4286602,98.2,31.0,,,,
1791467980.4297078,1791467980.4297078,91.0,30.8,,,,
1791467981.4312732,1791467981.4312732,88.4,31.1,,,,
1791467982.4321327,1791467982.4321327,87.1,29.5,,,,
1791467983.433065,1791467983.433065,96.9,30.8,,,,
1791467984.434837,1791467984.434837,99.2,30.4,,,,
1791467985.4361122,1791467985.4361122,96.6,30.1,,,,
1791467986.4380977,1791467986.4380977,96.9,30.6,,,,
1791467987.4401777,1791467987.4401777,98.6,31.1,,,,
1791467988.4420915,1791467988.4420915,99.5,30.8,,,,
1791467989.444463,1791467989.444463,96.9,30.3,,,,
1791467990.4459977,1791467990.4459977,96.6,30.1,,,,
1791467991.449056,1791467991.449056,98.3,31.0,,,,
1791467992.469797,1791467992.469797,100.0,31.1,,,,
1791467993.472428,1791467993.472428,96.2,30.1,,,,
1791467994.4758332,1791467994.4758332,96.3,30.8,,,,
1791467995.479018,1791467995.479018,96.4,31.1,,,,
1791467996.481643,1791467996.481643,100.0,30.9,,,,
1791467997.5023494,1791467997.5023494,98.2,31.1,,,,
1791467998.5036466,1791467998.5036466,90.5,29.5,,,,
1791467999.5052378,1791467999.5052378,89.5,30.8,,,,
1791468000.5069356,1791468000.5069356,95.4,31.1,,,,
1791468001.5090065,1791468001.5090065,91.3,31.0,,,,
1791468002.5106478,1791468002.5106478,98.3,30.4,,,,
1791468003.5120757,1791468003.5120757,99.4,29.6,,,,
1791468004.518713,1791468004.518713,100.0,31.0,,,,
1791468005.5207658,1791468005.5207658,99.9,30.5,,,,
1791468006.523395,1791468006.523395,99.9,30.3,,,,
1791468007.5275054,1791468007.5275054,99.4,30.7,,,,
1791468008.5306375,1791468008.5306375,100.0,30.5,,,,
1791468009.5316923,1791468009.5316923,100.0,30.7,,,,
1791468010.5335693,1791468010.5335693,93.2,30.1,,,,
1791468011.5352266,1791468011.5352266,92.2,29.5,,,,
1791468012.5365958,1791468012.5365958,89.8,31.0,,,,
1791468013.5378666,1791468013.5378666,98.0,30.5,,,,
1791468014.5390794,1791468014.5390794,92.0,31.1,,,,
1791468015.5402892,1791468015.5402892,89.0,31.1,,,,
1791468016.5413053,1791468016.5413053,88.7,30.8,,,,
1791468017.542853,1791468017.542853,95.0,31.2,,,,
1791468018.5442812,1791468018.5442812,92.8,31.2,,,,
1791468019.5457156,1791468019.5457156,88.9,31.1,,,,
1791468020.5481224,1791468020.5481224,88.5,31.2,,,,
1791468021.5493252,1791468021.5493252,90.7,30.8,,,,
1791468022.5507674,1791468022.5507674,97.1,31.2,,,,
1791468023.551897,1791468023.551897,88.8,29.6,,,,
1791468024.552889,1791468024.552889,95.4,30.8,,,,
1791468025.5546868,1791468025.5546868,96.7,31.2,,,,
1791468026.5558538,1791468026.5558538,98.9,30.8,,,,
1791468027.5571241,1791468027.5571241,96.8,31.2,,,,
1791468028.55871,1791468028.55871,93.6,30.7,,,,
1791468029.560318,1791468029.560318,89.8,31.1,,,,
1791468030.5618236,1791468030.5618236,94.0,31.2,,,,
1791468031.5634723,1791468031.5634723,88.6,30.4,,,,
1791468032.5650098,1791468032.5650098,91.0,31.2,,,,
1791468033.5665412,1791468033.5665412,87.4,29.6,,,,
1791468034.5748668,1791468034.5748668,93.8,31.1,,,,
1791468035.5764368,1791468035.5764368,93.1,31.2,,,,
1791468036.5778508,1791468036.5778508,89.0,31.0,,,,
1791468037.5794492,1791468037.5794492,89.5,31.3,,,,
1791468038.5812624,1791468038.5812624,89.0,30.4,,,,
1791468039.5968218,1791468039.5968218,96.9,31.1,,,,
1791468040.5987396,1791468040.5987396,90.1,30.5,,,,
1791468041.5998707,1791468041.5998707,88.4,30.9,,,,
1791468042.6010103,1791468042.6010103,88.8,31.2,,,,
1791468043.6022277,1791468043.6022277,92.9,29.6,,,,
1791468044.6041744,1791468044.6041744,93.5,31.2,,,,
1791468045.6053612,1791468045.6053612,99.5,30.6,,,,
1791468046.6064363,1791468046.6064363,95.1,30.5,,,,
1791468047.6079266,1791468047.6079266,99.2,30.9,,,,
1791468048.6093347,1791468048.6093347,98.9,30.6,,,,
1791468049.6105082,1791468049.6105082,98.1,31.0,,,,
1791468050.6176832,1791468050.6176832,98.1,30.6,,,,
1791468051.6322343,1791468051.6322343,98.1,30.6,,,,
1791468052.634203,1791468052.634203,99.9,31.3,,,,
1791468053.652041,1791468053.652041,99.9,30.6,,,,
1791468054.653432,1791468054.653432,99.8,30.6,,,,
1791468055.6556633,1791468055.6556633,99.9,31.1,,,,
1791468056.6988137,1791468056.6988137,100.0,30.6,,,,
1791468057.6999702,1791468057.6999702,100.0,30.6,,,,
1791468058.70215,1791468058.70215,99.7,31.3,,,,
1791468059.7042694,1791468059.7042694,98.8,30.6,,,,
1791468060.705374,1791468060.705374,99.1,30.3,,,,
1791468061.706967,1791468061.706967,98.1,30.8,,,,
1791468062.7087343,1791468062.7087343,96.6,30.6,,,,
1791468063.7100418,1791468063.7100418,96.6,30.9,,,,
1791468064.7124119,1791468064.7124119,99.0,31.1,,,,
1791468065.714304,1791468065.714304,96.2,30.6,,,,
1791468066.7154286,1791468066.7154286,96.2,31.1,,,,
1791468067.7184255,1791468067.7184255,96.6,30.6,,,,
1791468068.7214139,1791468068.7214139,92.5,30.2,,,,
1791468069.7256005,1791468069.7256005,99.6,31.3,,,,
1791468070.7276363,1791468070.7276363,99.8,30.6,,,,
1791468071.7290328,1791468071.7290328,99.5,30.5,,,,
1791468072.7312832,1791468072.7312832,99.9,31.0,,,,
1791468073.7449174,1791468073.7449174,99.6,30.6,,,,
1791468074.746294,1791468074.746294,99.9,30.8,,,,
1791468075.747719,1791468075.747719,99.4,31.3,,,,
1791468076.7493367,1791468076.7493367,99.7,30.6,,,,
1791468077.7507565,1791468077.7507565,96.9,30.9,,,,
1791468078.7532864,1791468078.7532864,98.6,31.2,,,,
1791468079.7546632,1791468079.7546632,89.3,29.7,,,,
1791468080.7560818,1791468080.7560818,91.9,31.1,,,,
1791468081.7579331,1791468081.7579331,92.7,31.3,,,,
1791468082.7592251,1791468082.7592251,94.9,31.0,,,,
1791468083.7606251,1791468083.7606251,92.6,31.2,,,,
1791468084.7617128,1791468084.7617128,87.3,30.3,,,,
1791468085.7632275,1791468085.7632275,90.4,31.1,,,,
1791468086.7651834,1791468086.7651834,92.8,31.3,,,,
1791468087.7666175,1791468087.7666175,88.6,31.2,,,,
1791468088.767997,1791468088.767997,91.6,31.2,,,,
1791468089.7694492,1791468089.7694492,96.3,30.8,,,,
1791468090.7710533,1791468090.7710533,99.4,31.0,,,,
1791468091.772665,1791468091.772665,98.9,30.6,,,,
1791468092.774147,1791468092.774147,97.9,31.2,,,,
1791468093.7756813,1791468093.7756813,89.2,31.2,,,,
1791468094.7768855,1791468094.7768855,91.9,30.4,,,,
1791468095.7788782,1791468095.7788782,95.6,31.2,,,,
1791468096.780894,1791468096.780894,88.5,29.8,,,,
1791468097.7826622,1791468097.7826622,92.3,30.9,,,,
1791468098.7842698,1791468098.7842698,89.3,31.2,,,,
1791468099.7851996,1791468099.7851996,95.6,31.0,,,,
1791468100.7867317,1791468100.7867317,91.4,31.2,,,,
1791468101.7879202,1791468101.7879202,86.9,30.3,,,,
1791468102.7910724,1791468102.7910724,90.2,31.0,,,,
1791468103.793445,1791468103.793445,92.4,29.6,,,,
1791468104.7944899,1791468104.7944899,93.4,31.2,,,,
1791468105.7961562,1791468105.7961562,91.1,31.2,,,,
1791468106.797495,1791468106.797495,90.6,31.1,,,,
1791468107.7989106,1791468107.7989106,92.0,31.1,,,,
1791468108.80038,1791468108.80038,89.5,30.4,,,,
1791468109.8021023,1791468109.8021023,91.5,31.1,,,,
1791468110.8047347,1791468110.8047347,87.8,29.6,,,,
1791468111.806352,1791468111.806352,93.7,31.0,,,,
1791468112.808379,1791468112.808379,95.6,31.1,,,,
1791468113.8095558,1791468113.8095558,90.0,30.7,,,,
1791468114.8113332,1791468114.8113332,91.0,31.1,,,,
1791468115.8128607,1791468115.8128607,89.0,30.3,,,,
1791468116.81493,1791468116.81493,96.6,30.9,,,,
1791468117.8162158,1791468117.8162158,90.1,31.1,,,,
1791468118.8174932,1791468118.8174932,95.8,30.9,,,,
1791468119.8191998,1791468119.8191998,96.3,31.2,,,,
1791468120.8204248,1791468120.8204248,99.4,31.2,,,,
1791468121.8227024,1791468121.8227024,95.3,30.9,,,,
1791468122.8269324,1791468122.8269324,96.8,31.1,,,,
1791468123.8280604,1791468123.8280604,97.4,29.6,,,,
1791468124.832366,1791468124.832366,98.5,31.2,,,,
1791468125.8337142,1791468125.8337142,99.0,30.5,,,,
1791468126.83536,1791468126.83536,99.8,29.5,,,,
1791468127.8403964,1791468127.8403964,100.0,31.1,,,,
1791468128.884436,1791468128.884436,99.9,30.3,,,,
1791468129.887646,1791468129.887646,99.5,27.1,,,,
1791468130.8897572,1791468130.8897572,98.9,28.7,,,,
1791468131.8916683,1791468131.8916683,99.2,28.0,,,,
1791468132.8936348,1791468132.8936348,97.1,27.7,,,,
1791468133.905568,1791468133.905568,97.9,28.5,,,,
1791468134.9070194,1791468134.9070194,94.3,28.0,,,,
1791468135.90812,1791468135.90812,89.0,28.5,,,,
1791468136.9097042,1791468136.9097042,92.6,28.7,,,,
1791468137.9134102,1791468137.9134102,98.4,27.7,,,,
1791468138.921168,1791468138.921168,100.0,28.6,,,,
1791468139.96736,1791468139.96736,100.0,28.1,,,,
1791468140.9691648,1791468140.9691648,99.5,27.9,,,,
1791468141.9832544,1791468141.9832544,99.7,28.4,,,,
1791468142.9967124,1791468142.9967124,100.0,28.1,,,,
1791468143.998404,1791468143.998404,99.9,28.5,,,,
1791468145.0083501,1791468145.0083501,99.0,27.9,,,,
1791468146.0099874,1791468146.0099874,93.3,27.9,,,,
1791468147.0116136,1791468147.0116136,95.7,28.8,,,,
1791468148.0132372,1791468148.0132372,96.2,28.1,,,,
1791468149.0160341,1791468149.0160341,91.7,28.6,,,,
1791468150.0242267,1791468150.0242267,98.2,27.9,,,,
1791468151.0257502,1791468151.0257502,91.7,27.4,,,,
1791468152.0272756,1791468152.0272756,94.8,29.0,,,,
1791468153.0288074,1791468153.0288074,89.2,29.0,,,,
1791468154.0300593,1791468154.0300593,95.4,28.7,,,,
1791468155.0335376,1791468155.0335376,98.8,28.2,,,,
1791468156.0393252,1791468156.0393252,99.2,27.4,,,,
1791468157.0406854,1791468157.0406854,97.8,28.9,,,,
1791468158.042442,1791468158.042442,95.7,29.0,,,,
1791468159.0478554,1791468159.0478554,90.0,29.0,,,,
1791468160.0509553,1791468160.0509553,99.2,28.3,,,,
1791468161.052347,1791468161.052347,91.1,27.8,,,,
1791468162.058363,1791468162.058363,89.0,29.0,,,,
1791468163.0598063,1791468163.0598063,87.8,29.0,,,,
1791468164.0622325,1791468164.0622325,93.7,28.9,,,,
1791468165.0647383,1791468165.0647383,94.8,28.9,,,,
1791468166.0655823,1791468166.0655823,87.8,28.6,,,,
1791468167.074963,1791468167.074963,95.3,29.0,,,,
1791468168.076212,1791468168.076212,90.2,27.4,,,,
1791468169.0772746,1791468169.0772746,94.7,28.9,,,,
1791468170.0786474,1791468170.0786474,94.5,29.0,,,,
1791468171.0843701,1791468171.0843701,89.1,28.8,,,,
1791468172.090741,1791468172.090741,88.8,29.1,,,,
1791468173.0919416,1791468173.0919416,96.5,28.8,,,,
1791468174.0934665,1791468174.0934665,90.8,29.0,,,,
1791468175.0953116,1791468175.0953116,89.2,29.1,,,,
1791468176.0962124,1791468176.0962124,87.4,29.1,,,,
1791468177.0977728,1791468177.0977728,96.4,29.1,,,,
1791468178.0996294,1791468178.0996294,89.3,28.5,,,,
1791468179.101224,1791468179.101224,90.4,29.1,,,,
1791468180.1023169,1791468180.1023169,88.6,27.5,,,,
1791468181.1045613,1791468181.1045613,98.7,29.1,,,,
1791468182.108692,1791468182.108692,99.2,28.4,,,,
1791468183.11271,1791468183.11271,98.2,28.3,,,,
1791468184.123428,1791468184.123428,96.9,29.1,,,,
1791468185.125685,1791468185.125685,93.9,28.0,,,,
1791468186.1280897,1791468186.1280897,98.9,29.1,,,,
1791468187.1429386,1791468187.1429386,98.6,29.1,,,,
1791468188.1442363,1791468188.1442363,96.4,28.1,,,,
1791468189.14544,1791468189.14544,96.8,28.8,,,,
1791468190.1469479,1791468190.1469479,99.4,28.4,,,,
1791468191.1492672,1791468191.1492672,98.4,28.6,,,,
1791468192.1592422,1791468192.1592422,98.3,29.1,,,,
1791468193.161518,1791468193.161518,89.8,28.9,,,,
1791468194.1661487,1791468194.1661487,98.4,29.1,,,,
1791468195.1674619,1791468195.1674619,99.1,28.4,,,,
1791468196.1690493,1791468196.1690493,97.5,28.2,,,,
1791468197.1707356,1791468197.1707356,96.3,28.8,,,,
1791468198.1721268,1791468198.1721268,98.0,28.5,,,,
1791468199.1828644,1791468199.1828644,99.8,28.4,,,,
1791468200.2643533,1791468200.2643533,78.1,29.1,,,,
1791468201.2658174,1791468201.2658174,78.0,28.6,,,,
1791468202.2673173,1791468202.2673173,75.8,29.0,,,,
1791468203.269771,1791468203.269771,94.9,29.2,,,,
1791468204.2726383,1791468204.2726383,88.9,28.8,,,,
1791468205.2756317,1791468205.2756317,81.0,28.5,,,,
1791468206.2903857,1791468206.2903857,85.9,29.3,,,,
1791468207.3033757,1791468207.3033757,91.1,28.8,,,,
1791468208.3209388,1791468208.3209388,100.0,28.8,,,,
1791468209.5401912,1791468209.5401912,100.0,28.9,,,,
1791468210.5420194,1791468210.5420194,100.0,28.0,,,,
1791468211.543322,1791468211.543322,100.0,29.4,,,,
1791468212.5449002,1791468212.5449002,100.0,29.5,,,,
1791468213.5467806,1791468213.5467806,100.0,28.9,,,,
1791468214.5481925,1791468214.5481925,99.6,28.8,,,,
1791468215.5497606,1791468215.5497606,99.1,29.3,,,,
1791468216.5515745,1791468216.5515745,100.0,28.3,,,,
1791468217.5531044,1791468217.5531044,100.0,28.9,,,,
1791468218.5571258,1791468218.5571258,98.6,29.2,,,,
1791468219.5588815,1791468219.5588815,99.9,28.2,,,,
1791468220.5605438,1791468220.5605438,99.8,28.6,,,,
1791468221.562522,1791468221.562522,99.7,29.0,,,,
1791468222.564688,1791468222.564688,97.0,28.8,,,,
1791468223.565879,1791468223.565879,98.2,28.6,,,,
1791468224.5671687,1791468224.5671687,96.9,29.4,,,,
1791468225.5689504,1791468225.5689504,94.4,28.8,,,,
1791468226.5702815,1791468226.5702815,92.7,29.1,,,,
1791468227.5727646,1791468227.5727646,97.4,29.4,,,,
1791468228.5741713,1791468228.5741713,97.1,28.9,,,,
1791468229.5794668,1791468229.5794668,93.7,29.3,,,,
1791468230.5806835,1791468230.5806835,94.7,28.8,,,,
1791468231.5825174,1791468231.5825174,92.5,28.0,,,,
1791468232.5837834,1791468232.5837834,98.8,29.6,,,,
1791468233.5852747,1791468233.5852747,95.6,28.9,,,,
1791468234.5864358,1791468234.5864358,92.8,28.6,,,,
1791468235.5941699,1791468235.5941699,93.2,29.2,,,,
1791468236.5952916,1791468236.5952916,95.6,28.9,,,,
1791468237.5966492,1791468237.5966492,95.6,29.1,,,,
1791468238.5980759,1791468238.5980759,94.1,28.9,,,,
1791468239.6007173,1791468239.6007173,94.0,28.8,,,,
1791468240.601771,1791468240.601771,95.4,29.5,,,,
1791468241.603548,1791468241.603548,97.1,28.7,,,,
1791468242.6049688,1791468242.6049688,92.8,27.9,,,,
1791468243.6079402,1791468243.6079402,94.0,29.3,,,,
1791468244.610394,1791468244.610394,93.4,28.8,,,,
1791468245.6117954,1791468245.6117954,96.1,28.6,,,,
1791468246.6133301,1791468246.6133301,93.7,29.2,,,,
1791468247.6145587,1791468247.6145587,94.0,28.8,,,,
1791468248.6158848,1791468248.6158848,92.7,29.2,,,,
1791468249.6172898,1791468249.6172898,96.7,28.7,,,,
1791468250.6191423,1791468250.6191423,95.7,28.8,,,,
1791468251.6274056,1791468251.6274056,92.4,29.3,,,,
1791468252.6291625,1791468252.6291625,95.8,28.7,,,,
1791468253.6308718,1791468253.6308718,98.6,28.8,,,,
1791468254.6328695,1791468254.6328695,99.9,29.4,,,,
1791468255.635867,1791468255.635867,96.8,28.8,,,,
1791468256.6373293,1791468256.6373293,97.6,28.8,,,,
1791468257.6384537,1791468257.6384537,98.3,29.5,,,,
1791468258.6411679,1791468258.6411679,99.9,28.8,,,,
1791468259.6425362,1791468259.6425362,98.4,28.7,,,,
1791468260.6447942,1791468260.6447942,94.3,29.5,,,,
1791468261.646478,1791468261.646478,96.1,28.8,,,,
1791468262.6477592,1791468262.6477592,98.9,28.9,,,,
1791468263.6488483,1791468263.6488483,99.9,29.3,,,,
1791468264.6503594,1791468264.6503594,98.8,28.6,,,,
1791468265.6534054,1791468265.6534054,98.5,28.9,,,,
1791468266.6577482,1791468266.6577482,98.5,29.1,,,,
1791468267.6594064,1791468267.6594064,100.0,29.4,,,,
1791468268.6612399,1791468268.6612399,98.4,28.9,,,,
1791468269.662321,1791468269.662321,94.7,28.6,,,,
1791468270.6634967,1791468270.6634967,95.8,29.2,,,,
1791468271.6646733,1791468271.6646733,97.1,28.9,,,,
1791468272.6661196,1791468272.6661196,98.1,29.4,,,,
1791468273.6675525,1791468273.6675525,96.8,28.6,,,,
1791468274.6700494,1791468274.6700494,96.5,28.9,,,,
1791468275.6722689,1791468275.6722689,95.3,29.5,,,,
1791468276.6741424,1791468276.6741424,98.5,28.9,,,,
1791468277.6757476,1791468277.6757476,99.8,28.9,,,,
1791468278.6787353,1791468278.6787353,99.3,29.1,,,,
1791468279.7119756,1791468279.7119756,93.3,29.5,,,,
1791468280.7139437,1791468280.7139437,92.8,29.0,,,,
1791468281.716818,1791468281.716818,94.5,28.8,,,,
1791468282.7327862,1791468282.7327862,93.6,29.5,,,,
1791468283.7342927,1791468283.7342927,99.9,29.1,,,,
1791468284.736442,1791468284.736442,100.0,28.5,,,,
1791468285.7383814,1791468285.7383814,100.0,29.0,,,,
1791468286.7413664,1791468286.7413664,99.9,29.4,,,,
1791468287.744106,1791468287.744106,98.2,29.1,,,,
1791468288.7468376,1791468288.7468376,99.6,29.3,,,,
1791468289.7653515,1791468289.7653515,99.5,29.6,,,,
1791468290.7871964,1791468290.7871964,96.6,29.0,,,,
1791468291.788567,1791468291.788567,93.6,29.7,,,,
1791468292.7901714,1791468292.7901714,94.6,29.0,,,,
1791468293.7916458,1791468293.7916458,94.9,29.1,,,,
1791468294.7926662,1791468294.7926662,98.0,29.7,,,,
1791468295.7940876,1791468295.7940876,94.7,29.0,,,,
1791468296.7951226,1791468296.7951226,91.4,28.1,,,,
1791468297.7962291,1791468297.7962291,94.9,29.6,,,,
1791468298.798742,1791468298.798742,98.2,29.0,,,,
1791468299.799838,1791468299.799838,94.2,28.9,,,,
1791468300.801006,1791468300.801006,93.9,29.4,,,,
1791468301.8025331,1791468301.8025331,93.5,29.1,,,,
1791468302.8036191,1791468302.8036191,95.3,29.5,,,,
1791468303.8049695,1791468303.8049695,98.6,28.9,,,,
1791468304.8069243,1791468304.8069243,92.7,28.6,,,,
1791468305.8083653,1791468305.8083653,95.4,29.6,,,,
1791468306.8142312,1791468306.8142312,96.3,29.0,,,,
1791468307.8152976,1791468307.8152976,97.6,28.2,,,,
1791468308.8163214,1791468308.8163214,97.4,29.6,,,,
1791468309.8175437,1791468309.8175437,95.0,29.1,,,,
1791468310.8189878,1791468310.8189878,93.7,28.9,,,,
1791468311.8205142,1791468311.8205142,97.4,29.4,,,,
1791468312.8245256,1791468312.8245256,98.2,29.1,,,,
1791468313.8387985,1791468313.8387985,94.6,29.0,,,,
1791468314.8483176,1791468314.8483176,99.5,29.4,,,,
1791468315.8527024,1791468315.8527024,96.5,29.0,,,,
1791468316.8537545,1791468316.8537545,97.7,28.7,,,,
1791468317.855724,1791468317.855724,96.4,29.4,,,,
1791468318.8636205,1791468318.8636205,93.7,29.0,,,,
1791468319.866477,1791468319.866477,97.1,29.5,,,,
1791468320.8867188,1791468320.8867188,100.0,28.7,,,,
1791468321.8885896,1791468321.8885896,98.8,28.2,,,,
1791468322.8904932,1791468322.8904932,98.9,29.7,,,,
1791468323.8963177,1791468323.8963177,98.7,29.0,,,,
1791468324.8977568,1791468324.8977568,99.4,28.1,,,,
1791468325.899243,1791468325.899243,99.8,29.6,,,,
1791468326.9183455,1791468326.9183455,99.3,29.0,,,,
1791468327.919669,1791468327.919669,97.5,29.0,,,,
1791468328.9237118,1791468328.9237118,96.8,29.4,,,,
1791468329.940918,1791468329.940918,99.8,29.1,,,,
1791468330.9424126,1791468330.9424126,98.2,29.3,,,,
1791468331.9584343,1791468331.9584343,98.7,29.3,,,,
1791468332.9601564,1791468332.9601564,98.3,29.0,,,,
1791468333.9624264,1791468333.9624264,99.8,29.5,,,,
1791468335.0003302,1791468335.0003302,98.8,28.8,,,,
1791468336.0024858,1791468336.0024858,97.9,29.1,,,,
1791468337.0042222,1791468337.0042222,97.4,29.2,,,,
1791468338.0076535,1791468338.0076535,97.3,29.6,,,,
1791468339.009203,1791468339.009203,97.0,29.1,,,,
1791468340.010692,1791468340.010692,96.1,29.3,,,,
1791468341.0122073,1791468341.0122073,96.3,29.4,,,,
1791468342.0137312,1791468342.0137312,97.5,29.1,,,,
1791468343.0247562,1791468343.0247562,99.9,29.3,,,,
1791468344.0277498,1791468344.0277498,99.7,29.7,,,,
1791468345.029478,1791468345.029478,98.6,29.1,,,,
1791468346.030907,1791468346.030907,99.5,29.9,,,,
1791468347.0324259,1791468347.0324259,99.4,29.1,,,,
1791468348.0337114,1791468348.0337114,100.0,29.3,,,,
1791468349.037364,1791468349.037364,100.0,29.5,,,,
1791468350.100312,1791468350.100312,100.0,30.0,,,,
1791468351.1025023,1791468351.1025023,100.0,28.8,,,,
1791468352.1048996,1791468352.1048996,100.0,28.9,,,,
1791468353.1137445,1791468353.1137445,100.0,29.8,,,,
1791468354.11901,1791468354.11901,100.0,29.8,,,,
1791468355.1217628,1791468355.1217628,100.0,29.4,,,,
1791468356.1280408,1791468356.1280408,99.9,29.3,,,,
1791468357.21193,1791468357.21193,99.9,29.8,,,,
1791468358.213902,1791468358.213902,99.9,29.4,,,,
1791468359.2149706,1791468359.2149706,99.0,28.6,,,,
1791468360.216388,1791468360.216388,97.9,30.0,,,,
1791468361.2184901,1791468361.2184901,98.5,29.4,,,,
1791468362.2200458,1791468362.2200458,94.4,29.2,,,,
1791468363.2224019,1791468363.2224019,94.8,29.8,,,,
1791468364.225034,1791468364.225034,93.4,29.4,,,,
1791468365.2262483,1791468365.2262483,97.4,29.9,,,,
1791468366.2279866,1791468366.2279866,97.2,29.2,,,,
1791468367.2295442,1791468367.2295442,97.5,29.3,,,,
1791468368.2313268,1791468368.2313268,95.5,30.0,,,,
1791468369.236953,1791468369.236953,97.7,29.4,,,,
1791468370.2385516,1791468370.2385516,98.1,28.5,,,,
1791468371.2400026,1791468371.2400026,95.9,30.1,,,,
1791468372.2414098,1791468372.2414098,93.4,29.4,,,,
1791468373.2447045,1791468373.2447045,93.9,29.9,,,,
1791468374.2465155,1791468374.2465155,98.2,29.4,,,,
1791468375.2476923,1791468375.2476923,94.7,29.4,,,,
1791468376.249127,1791468376.249127,92.6,29.9,,,,
1791468377.2506409,1791468377.2506409,96.4,29.4,,,,
1791468378.251789,1791468378.251789,96.5,28.5,,,,
1791468379.2530117,1791468379.2530117,98.2,29.9,,,,
1791468380.2606475,1791468380.2606475,93.4,29.4,,,,
1791468381.2618246,1791468381.2618246,91.3,29.2,,,,
1791468382.263287,1791468382.263287,96.5,29.7,,,,
1791468383.2656932,1791468383.2656932,98.2,29.3,,,,
1791468384.267242,1791468384.267242,95.6,29.7,,,,
1791468385.2689462,1791468385.2689462,93.5,29.7,,,,
1791468386.2819815,1791468386.2819815,79.1,29.3,,,,
1791468387.2848709,1791468387.2848709,85.7,29.6,,,,
1791468388.301281,1791468388.301281,81.0,29.8,,,,
1791468389.3152504,1791468389.3152504,82.6,29.4,,,,
1791468390.3165774,1791468390.3165774,90.2,29.6,,,,
1791468391.3180172,1791468391.3180172,100.0,29.9,,,,
1791468392.320012,1791468392.320012,100.0,29.4,,,,
1791468393.3235667,1791468393.3235667,99.6,29.5,,,,
1791468394.3611393,1791468394.3611393,100.0,29.7,,,,
1791468395.4199777,1791468395.4199777,99.3,29.3,,,,
1791468396.4269326,1791468396.4269326,99.4,29.4,,,,
1791468397.4521105,1791468397.4521105,98.5,29.8,,,,
1791468398.4551973,1791468398.4551973,96.6,29.4,,,,
1791468399.4583018,1791468399.4583018,99.1,29.8,,,,
1791468400.4597812,1791468400.4597812,99.7,29.8,,,,
1791468401.4618113,1791468401.4618113,99.5,29.4,,,,
1791468402.4639175,1791468402.4639175,98.4,29.2,,,,
1791468403.4786875,1791468403.4786875,99.2,29.8,,,,
1791468404.5012093,1791468404.5012093,99.1,29.4,,,,
1791468405.5026581,1791468405.5026581,99.2,29.2,,,,
1791468406.5066807,1791468406.5066807,95.2,29.8,,,,
1791468407.5083761,1791468407.5083761,93.2,29.4,,,,
1791468408.5102434,1791468408.5102434,94.9,29.9,,,,
1791468409.5190332,1791468409.5190332,99.4,29.4,,,,
1791468410.5208762,1791468410.5208762,97.4,29.3,,,,
1791468411.526454,1791468411.526454,97.5,30.1,,,,
1791468412.528535,1791468412.528535,95.1,29.4,,,,
1791468413.5297487,1791468413.5297487,93.5,29.2,,,,
1791468414.531117,1791468414.531117,98.3,29.8,,,,
1791468415.5332677,1791468415.5332677,93.8,29.4,,,,
1791468416.539327,1791468416.539327,95.8,29.5,,,,
1791468417.5658216,1791468417.5658216,100.0,29.8,,,,
1791468418.5995808,1791468418.5995808,100.0,28.8,,,,
1791468419.6010554,1791468419.6010554,100.0,29.3,,,,
1791468420.6340296,1791468420.6340296,100.0,29.8,,,,
1791468421.6358657,1791468421.6358657,100.0,29.4,,,,
1791468422.6387634,1791468422.6387634,100.0,28.6,,,,
1791468423.6411526,1791468423.6411526,100.0,30.1,,,,
1791468424.6430502,1791468424.6430502,100.0,30.2,,,,
1791468425.6466453,1791468425.6466453,100.0,28.9,,,,
1791468426.6479063,1791468426.6479063,96.9,29.8,,,,
1791468427.6495688,1791468427.6495688,99.5,30.0,,,,
1791468428.651051,1791468428.651051,95.8,29.5,,,,
1791468429.6524718,1791468429.6524718,93.5,29.6,,,,
1791468430.6538126,1791468430.6538126,96.3,30.1,,,,
1791468431.6556273,1791468431.6556273,96.0,29.5,,,,
1791468432.6576245,1791468432.6576245,98.1,29.7,,,,
1791468433.6593785,1791468433.6593785,94.9,29.6,,,,
1791468434.6609917,1791468434.6609917,91.9,29.4,,,,
1791468435.6623847,1791468435.6623847,94.6,30.1,,,,
1791468436.6636705,1791468436.6636705,98.7,29.4,,,,
1791468437.6647995,1791468437.6647995,95.6,29.0,,,,
1791468438.6660743,1791468438.6660743,95.6,29.6,,,,
1791468439.6674106,1791468439.6674106,94.6,29.4,,,,
1791468440.6769419,1791468440.6769419,98.5,29.7,,,,
1791468441.6809037,1791468441.6809037,97.5,30.1,,,,
1791468442.6829164,1791468442.6829164,93.1,29.4,,,,
1791468443.6842737,1791468443.6842737,94.8,30.1,,,,
1791468444.6857133,1791468444.6857133,94.4,29.4,,,,
1791468445.6867428,1791468445.6867428,97.4,29.4,,,,
1791468446.688712,1791468446.688712,94.1,29.8,,,,
1791468447.6953018,1791468447.6953018,92.5,29.5,,,,
1791468448.6964238,1791468448.6964238,95.3,29.9,,,,
1791468449.6979954,1791468449.6979954,97.9,29.4,,,,
1791468450.6990886,1791468450.6990886,94.1,28.5,,,,
1791468451.7002718,1791468451.7002718,93.6,30.1,,,,
1791468452.702207,1791468452.702207,92.4,29.4,,,,
1791468453.7034698,1791468453.7034698,96.9,29.5,,,,
1791468454.705277,1791468454.705277,98.1,29.9,,,,
1791468455.7072196,1791468455.7072196,95.0,30.1,,,,
1791468456.7082932,1791468456.7082932,96.2,29.7,,,,
1791468457.7099566,1791468457.7099566,98.9,30.1,,,,
1791468458.711712,1791468458.711712,99.8,29.5,,,,
1791468459.7131243,1791468459.7131243,99.9,29.8,,,,
1791468460.7151754,1791468460.7151754,99.0,30.2,,,,
1791468461.717354,1791468461.717354,98.8,29.6,,,,
1791468462.7189345,1791468462.7189345,100.0,29.8,,,,
1791468463.740089,1791468463.740089,99.5,30.0,,,,
1791468464.7420218,1791468464.7420218,93.4,29.6,,,,
1791468465.7446325,1791468465.7446325,98.2,30.1,,,,
1791468466.7480152,1791468466.7480152,99.2,29.6,,,,
1791468467.7493243,1791468467.7493243,99.9,29.0,,,,
1791468468.7510111,1791468468.7510111,98.5,30.3,,,,
1791468469.7528248,1791468469.7528248,99.4,29.6,,,,
1791468470.7544682,1791468470.7544682,98.6,29.3,,,,
1791468471.7684116,1791468471.7684116,100.0,30.1,,,,
1791468472.7914565,1791468472.7914565,99.6,29.6,,,,
1791468473.7927656,1791468473.7927656,95.4,28.7,,,,
1791468474.797552,1791468474.797552,92.6,30.3,,,,
1791468475.799276,1791468475.799276,95.1,29.6,,,,
1791468476.8007255,1791468476.8007255,94.6,29.0,,,,
1791468477.8021853,1791468477.8021853,93.5,29.8,,,,
1791468478.8035917,1791468478.8035917,92.8,29.6,,,,
1791468479.8050253,1791468479.8050253,96.4,29.3,,,,
1791468480.8065863,1791468480.8065863,99.4,30.3,,,,
1791468481.8090467,1791468481.8090467,99.1,29.6,,,,
1791468482.8107584,1791468482.8107584,94.6,29.4,,,,
1791468483.811813,1791468483.811813,98.5,30.0,,,,
1791468484.8134115,1791468484.8134115,99.5,29.6,,,,
1791468485.8145902,1791468485.8145902,99.2,29.9,,,,
1791468486.8395844,1791468486.8395844,99.9,30.0,,,,
1791468487.841367,1791468487.841367,99.9,29.6,,,,
1791468488.8441024,1791468488.8441024,99.9,29.7,,,,
1791468489.9055283,1791468489.9055283,100.0,30.0,,,,
1791468490.9324572,1791468490.9324572,99.8,29.6,,,,
1791468491.9334683,1791468491.9334683,99.8,29.5,,,,
1791468492.9402869,1791468492.9402869,99.9,29.8,,,,
1791468493.9422085,1791468493.9422085,100.0,29.5,,,,
1791468494.9436598,1791468494.9436598,99.8,29.3,,,,
1791468495.9452422,1791468495.9452422,95.9,30.0,,,,
1791468496.9473104,1791468496.9473104,95.7,29.6,,,,
1791468497.9483469,1791468497.9483469,96.3,29.7,,,,
1791468498.9502988,1791468498.9502988,98.0,30.1,,,,
1791468499.9570441,1791468499.9570441,94.7,29.6,,,,
1791468500.959519,1791468500.959519,96.7,30.1,,,,
1791468501.9646568,1791468501.9646568,97.1,29.6,,,,
1791468502.9661083,1791468502.9661083,97.8,29.6,,,,
1791468503.9676747,1791468503.9676747,93.8,30.3,,,,
1791468504.969164,1791468504.969164,95.5,29.6,,,,
1791468505.9713767,1791468505.9713767,93.4,28.8,,,,
1791468506.977529,1791468506.977529,98.2,30.2,,,,
1791468507.9794567,1791468507.9794567,96.2,29.6,,,,
1791468508.980869,1791468508.980869,95.2,29.7,,,,
1791468509.9824553,1791468509.9824553,95.1,30.3,,,,
1791468510.9843066,1791468510.9843066,95.6,29.7,,,,
1791468511.9852839,1791468511.9852839,96.6,30.1,,,,
1791468512.9867141,1791468512.9867141,94.1,29.6,,,,
1791468513.9881816,1791468513.9881816,92.2,29.1,,,,
1791468514.9930744,1791468514.9930744,93.2,30.2,,,,
1791468515.9945705,1791468515.9945705,97.1,29.6,,,,
1791468516.9958575,1791468516.9958575,91.8,29.4,,,,
1791468517.9972537,1791468517.9972537,95.1,30.0,,,,
1791468518.9987016,1791468518.9987016,93.3,29.7,,,,
1791468519.9999096,1791468519.9999096,98.3,29.5,,,,
1791468521.0015748,1791468521.0015748,95.9,30.0,,,,
1791468522.0028632,1791468522.0028632,91.9,29.7,,,,
1791468523.0058239,1791468523.0058239,94.0,30.3,,,,
1791468524.0078125,1791468524.0078125,96.4,29.6,,,,
1791468525.0093586,1791468525.0093586,98.3,29.1,,,,
1791468526.011092,1791468526.011092,98.2,30.3,,,,
1791468527.0306463,1791468527.0306463,99.4,29.6,,,,
1791468528.0318162,1791468528.0318162,98.9,29.3,,,,
1791468529.0638633,1791468529.0638633,100.0,30.2,,,,
1791468530.066901,1791468530.066901,98.9,29.6,,,,
1791468531.068561,1791468531.068561,97.7,29.3,,,,
1791468532.0703838,1791468532.0703838,97.9,30.4,,,,
1791468533.0723786,1791468533.0723786,98.6,29.6,,,,
1791468534.0745802,1791468534.0745802,98.7,29.3,,,,
1791468535.0769432,1791468535.0769432,97.8,30.1,,,,
1791468536.078779,1791468536.078779,97.7,29.7,,,,
1791468537.080092,1791468537.080092,98.9,29.2,,,,
1791468538.0845113,1791468538.0845113,100.0,30.3,,,,
1791468539.0864675,1791468539.0864675,98.9,29.7,,,,
1791468540.0876663,1791468540.0876663,97.8,29.7,,,,
1791468541.08998,1791468541.08998,97.7,30.3,,,,
1791468542.0920153,1791468542.0920153,98.7,29.6,,,,
1791468543.0932372,1791468543.0932372,95.3,28.8,,,,
1791468544.094388,1791468544.094388,93.7,30.4,,,,
1791468545.0960398,1791468545.0960398,96.3,29.6,,,,
1791468546.0972903,1791468546.0972903,94.1,29.5,,,,
1791468547.098611,1791468547.098611,97.8,30.1,,,,
1791468548.1000311,1791468548.1000311,92.4,29.7,,,,
1791468549.1021686,1791468549.1021686,98.1,30.1,,,,
1791468550.1060681,1791468550.1060681,98.6,29.6,,,,
1791468551.1135929,1791468551.1135929,100.0,28.9,,,,
1791468552.1155002,1791468552.1155002,98.2,30.3,,,,
1791468553.12518,1791468553.12518,98.7,29.6,,,,
1791468554.130806,1791468554.130806,95.0,29.4,,,,
1791468555.1344476,1791468555.1344476,99.4,30.4,,,,
1791468556.13598,1791468556.13598,99.9,29.7,,,,
1791468557.1384,1791468557.1384,100.0,29.5,,,,
1791468558.1470287,1791468558.1470287,99.9,30.1,,,,
1791468559.1650221,1791468559.1650221,100.0,29.7,,,,
1791468560.1671,1791468560.1671,100.0,29.6,,,,
1791468561.1740744,1791468561.1740744,99.6,30.0,,,,
1791468562.1760876,1791468562.1760876,99.5,29.7,,,,
1791468563.1772585,1791468563.1772585,98.5,29.5,,,,
1791468564.1803126,1791468564.1803126,98.5,29.9,,,,
1791468565.1831942,1791468565.1831942,95.4,29.7,,,,
1791468566.184417,1791468566.184417,91.6,29.5,,,,
1791468567.185541,1791468567.185541,92.4,30.0,,,,
1791468568.1869144,1791468568.1869144,93.9,29.7,,,,
1791468569.1884778,1791468569.1884778,97.2,29.9,,,,
1791468570.1904786,1791468570.1904786,96.2,29.8,,,,
1791468571.19209,1791468571.19209,92.3,29.4,,,,
1791468572.197472,1791468572.197472,96.3,30.4,,,,
1791468573.1996558,1791468573.1996558,98.3,29.7,,,,
1791468574.200643,1791468574.200643,92.4,29.4,,,,
1791468575.2025075,1791468575.2025075,94.2,30.0,,,,
1791468576.2036555,1791468576.2036555,91.0,29.6,,,,
1791468577.2058306,1791468577.2058306,97.3,30.3,,,,
1791468578.2093902,1791468578.2093902,95.2,29.6,,,,
1791468579.210714,1791468579.210714,93.4,29.4,,,,
1791468580.2123027,1791468580.2123027,95.5,29.9,,,,
1791468581.2136059,1791468581.2136059,94.0,29.7,,,,
1791468582.214854,1791468582.214854,95.3,29.8,,,,
1791468583.2163022,1791468583.2163022,93.6,30.2,,,,
1791468584.218085,1791468584.218085,92.0,29.7,,,,
1791468585.2191155,1791468585.2191155,93.6,30.4,,,,
1791468586.220658,1791468586.220658,98.8,29.7,,,,
1791468587.2219687,1791468587.2219687,94.2,29.6,,,,
1791468588.2242103,1791468588.2242103,94.6,30.3,,,,
1791468589.226887,1791468589.226887,94.1,29.7,,,,
1791468590.2281594,1791468590.2281594,96.0,30.2,,,,
1791468591.2296383,1791468591.2296383,99.2,29.7,,,,
1791468592.2308512,1791468592.2308512,94.9,29.2,,,,
1791468593.2321608,1791468593.2321608,99.0,30.4,,,,
1791468594.2338843,1791468594.2338843,100.0,29.7,,,,
1791468595.2357705,1791468595.2357705,99.9,29.7,,,,
1791468596.2377288,1791468596.2377288,99.3,30.3,,,,
1791468597.2415178,1791468597.2415178,99.2,29.7,,,,
1791468598.24284,1791468598.24284,98.9,29.8,,,,
1791468599.2443326,1791468599.2443326,99.9,30.0,,,,
1791468600.245984,1791468600.245984,98.0,30.4,,,,
1791468601.247673,1791468601.247673,96.3,29.7,,,,
1791468602.2491102,1791468602.2491102,98.6,29.9,,,,
1791468603.2523317,1791468603.2523317,99.7,30.3,,,,
1791468604.2541673,1791468604.2541673,100.0,29.7,,,,
1791468605.255202,1791468605.255202,98.6,30.0,,,,
1791468606.257758,1791468606.257758,99.5,30.4,,,,
1791468607.2596138,1791468607.2596138,97.9,29.7,,,,
1791468608.2616942,1791468608.2616942,99.9,29.6,,,,
1791468609.276152,1791468609.276152,98.1,30.1,,,,
1791468610.2778623,1791468610.2778623,92.3,29.7,,,,
1791468611.2789412,1791468611.2789412,95.0,30.2,,,,
1791468612.280192,1791468612.280192,97.4,29.6,,,,
1791468613.281457,1791468613.281457,97.6,29.2,,,,
1791468614.2829068,1791468614.2829068,97.6,30.4,,,,
1791468615.2845097,1791468615.2845097,99.2,29.7,,,,
1791468616.2861755,1791468616.2861755,97.6,29.1,,,,
1791468617.3016589,1791468617.3016589,100.0,30.4,,,,
1791468618.3038414,1791468618.3038414,99.0,29.7,,,,
1791468619.3069398,1791468619.3069398,96.3,29.0,,,,
1791468620.3097827,1791468620.3097827,95.3,30.0,,,,
1791468621.311923,1791468621.311923,96.3,29.7,,,,
1791468622.3130512,1791468622.3130512,98.0,29.8,,,,
1791468623.3143833,1791468623.3143833,98.3,30.1,,,,
1791468624.3158748,1791468624.3158748,99.8,29.7,,,,
1791468625.3186529,1791468625.3186529,99.4,29.6,,,,
1791468626.3282652,1791468626.3282652,99.9,29.9,,,,
1791468627.3308988,1791468627.3308988,99.9,29.7,,,,
1791468628.3327386,1791468628.3327386,99.9,29.4,,,,
1791468629.346425,1791468629.346425,100.0,30.4,,,,
1791468630.3487115,1791468630.3487115,100.0,29.7,,,,
1791468631.3498716,1791468631.3498716,99.5,28.8,,,,
1791468632.3514438,1791468632.3514438,97.3,30.3,,,,
1791468633.3527608,1791468633.3527608,96.3,29.7,,,,
1791468634.3556397,1791468634.3556397,96.5,29.5,,,,
1791468635.357485,1791468635.357485,99.6,30.1,,,,
1791468636.3589973,1791468636.3589973,98.2,29.7,,,,
1791468637.3628457,1791468637.3628457,99.1,29.7,,,,
1791468638.4138541,1791468638.4138541,99.6,30.3,,,,
1791468639.415591,1791468639.415591,100.0,29.8,,,,
1791468640.4187915,1791468640.4187915,99.7,30.0,,,,
1791468641.421126,1791468641.421126,99.9,30.2,,,,
1791468642.4244173,1791468642.4244173,100.0,29.9,,,,
1791468643.4256408,1791468643.4256408,99.8,29.9,,,,
1791468644.4271455,1791468644.4271455,99.6,30.3,,,,
1791468645.4288297,1791468645.4288297,99.8,29.9,,,,
1791468646.4300709,1791468646.4300709,99.0,30.2,,,,
1791468647.4319913,1791468647.4319913,99.9,30.3,,,,
1791468648.441112,1791468648.441112,100.0,29.9,,,,
1791468649.4423864,1791468649.4423864,99.9,29.9,,,,
1791468650.4456737,1791468650.4456737,99.0,30.2,,,,
1791468651.447861,1791468651.447861,94.4,29.9,,,,
1791468652.4493558,1791468652.4493558,98.0,30.2,,,,
1791468653.4512732,1791468653.4512732,98.1,30.4,,,,
1791468654.4535446,1791468654.4535446,99.5,30.0,,,,
1791468655.4551709,1791468655.4551709,98.7,30.5,,,,
1791468656.4569645,1791468656.4569645,100.0,29.9,,,,
1791468657.4587195,1791468657.4587195,100.0,30.0,,,,
1791468658.4601774,1791468658.4601774,100.0,29.9,,,,
1791468659.461701,1791468659.461701,99.8,30.4,,,,
1791468660.462939,1791468660.462939,99.0,30.0,,,,
1791468661.4645834,1791468661.4645834,99.7,29.7,,,,
1791468662.466948,1791468662.466948,99.7,30.6,,,,
1791468663.4779966,1791468663.4779966,98.9,30.0,,,,
1791468664.480739,1791468664.480739,98.0,29.8,,,,
1791468665.4830112,1791468665.4830112,99.9,30.8,,,,
1791468666.4843712,1791468666.4843712,99.9,30.0,,,,
1791468667.486197,1791468667.486197,100.0,29.7,,,,
1791468668.507919,1791468668.507919,100.0,30.5,,,,
1791468669.523054,1791468669.523054,99.9,29.9,,,,
1791468670.5244389,1791468670.5244389,100.0,29.0,,,,
1791468671.5287893,1791468671.5287893,100.0,30.4,,,,
1791468672.5774958,1791468672.5774958,100.0,30.3,,,,
1791468673.5795107,1791468673.5795107,99.9,29.9,,,,
1791468674.5810473,1791468674.5810473,100.0,29.9,,,,
1791468675.5836961,1791468675.5836961,100.0,30.5,,,,
1791468676.5871563,1791468676.5871563,99.8,29.9,,,,
1791468677.5887427,1791468677.5887427,100.0,29.6,,,,
1791468678.5904946,1791468678.5904946,99.9,30.6,,,,
1791468679.5975327,1791468679.5975327,99.8,29.9,,,,
1791468680.6172125,1791468680.6172125,100.0,29.9,,,,
1791468681.6196554,1791468681.6196554,100.0,30.3,,,,
1791468682.6262164,1791468682.6262164,100.0,30.4,,,,
1791468683.6284764,1791468683.6284764,99.9,29.9,,,,
1791468684.6300306,1791468684.6300306,100.0,29.1,,,,
1791468685.633799,1791468685.633799,100.0,30.7,,,,
1791468686.6618268,1791468686.6618268,100.0,29.9,,,,
1791468687.6634922,1791468687.6634922,99.1,30.0,,,,
1791468688.6652172,1791468688.6652172,99.4,30.3,,,,
1791468689.677022,1791468689.677022,100.0,30.3,,,,
1791468690.679933,1791468690.679933,99.9,30.0,,,,
1791468691.683351,1791468691.683351,100.0,30.1,,,,
1791468692.7027364,1791468692.7027364,100.0,30.7,,,,
1791468693.7366014,1791468693.7366014,100.0,29.6,,,,
1791468694.739833,1791468694.739833,100.0,29.2,,,,
1791468695.7436962,1791468695.7436962,100.0,30.6,,,,
1791468696.7636266,1791468696.7636266,100.0,30.7,,,,
1791468697.7657194,1791468697.7657194,100.0,30.1,,,,
1791468698.7705612,1791468698.7705612,100.0,29.3,,,,
1791468699.772647,1791468699.772647,100.0,30.6,,,,
1791468700.7758353,1791468700.7758353,100.0,30.6,,,,
1791468701.7789848,1791468701.7789848,99.8,29.5,,,,
1791468702.781907,1791468702.781907,100.0,30.2,,,,
1791468703.7846801,1791468703.7846801,100.0,30.5,,,,
1791468704.78647,1791468704.78647,99.6,30.1,,,,
1791468705.787812,1791468705.787812,96.2,30.0,,,,
1791468706.7891982,1791468706.7891982,99.1,30.5,,,,
1791468707.7912948,1791468707.7912948,99.8,30.1,,,,
1791468708.793735,1791468708.793735,100.0,29.9,,,,
1791468709.8162863,1791468709.8162863,99.9,30.5,,,,
1791468710.8178022,1791468710.8178022,99.4,30.1,,,,
1791468711.8196266,1791468711.8196266,98.6,30.1,,,,
1791468712.8288505,1791468712.8288505,100.0,30.5,,,,
1791468713.8588355,1791468713.8588355,99.8,30.2,,,,
1791468714.8602295,1791468714.8602295,99.5,30.2,,,,
1791468715.8622935,1791468715.8622935,99.7,30.4,,,,
1791468716.8668847,1791468716.8668847,99.5,30.2,,,,
1791468717.8680408,1791468717.8680408,100.0,30.1,,,,
1791468718.8696692,1791468718.8696692,99.6,30.6,,,,
1791468719.871354,1791468719.871354,99.4,30.2,,,,
1791468720.8735113,1791468720.8735113,99.0,30.1,,,,
1791468721.8914413,1791468721.8914413,100.0,30.6,,,,
1791468722.9129245,1791468722.9129245,99.5,30.1,,,,
1791468723.9151082,1791468723.9151082,99.4,30.2,,,,
1791468724.9359326,1791468724.9359326,99.5,30.8,,,,
1791468725.937594,1791468725.937594,99.6,30.2,,,,
1791468726.9389126,1791468726.9389126,100.0,29.8,,,,
1791468727.9426892,1791468727.9426892,99.1,30.7,,,,
1791468728.9593868,1791468728.9593868,98.5,30.2,,,,
1791468729.960905,1791468729.960905,99.9,30.1,,,,
1791468730.963118,1791468730.963118,100.0,30.9,,,,
1791468731.9924645,1791468731.9924645,100.0,29.5,,,,
1791468732.9937367,1791468732.9937367,98.7,29.2,,,,
1791468733.9956946,1791468733.9956946,100.0,30.8,,,,
1791468734.9984834,1791468734.9984834,99.0,30.1,,,,
1791468735.9999444,1791468735.9999444,100.0,29.3,,,,
1791468737.0021148,1791468737.0021148,98.7,30.9,,,,
1791468738.0038607,1791468738.0038607,93.9,30.1,,,,
1791468739.0055046,1791468739.0055046,96.2,29.2,,,,
1791468740.008862,1791468740.008862,99.9,30.7,,,,
1791468741.0314243,1791468741.0314243,100.0,30.1,,,,
1791468742.0325038,1791468742.0325038,97.2,29.7,,,,
1791468743.0337536,1791468743.0337536,99.1,30.8,,,,
1791468744.0354576,1791468744.0354576,98.6,30.1,,,,
1791468745.037542,1791468745.037542,99.9,30.1,,,,
1791468746.0403292,1791468746.0403292,100.0,30.6,,,,
1791468747.042809,1791468747.042809,99.9,30.6,,,,
1791468748.0442357,1791468748.0442357,98.2,30.1,,,,
1791468749.0473049,1791468749.0473049,99.1,30.2,,,,
1791468750.0724938,1791468750.0724938,100.0,30.5,,,,
1791468751.074412,1791468751.074412,98.2,30.2,,,,
1791468752.075928,1791468752.075928,98.9,30.0,,,,
1791468753.077783,1791468753.077783,97.0,30.6,,,,
1791468754.0789793,1791468754.0789793,98.8,30.2,,,,
1791468755.0803475,1791468755.0803475,96.3,30.2,,,,
1791468756.0834904,1791468756.0834904,95.6,30.7,,,,
1791468757.0854542,1791468757.0854542,93.4,30.2,,,,
1791468758.0891926,1791468758.0891926,98.1,30.7,,,,
1791468759.1004922,1791468759.1004922,99.5,30.2,,,,
1791468760.103212,1791468760.103212,94.7,29.6,,,,
1791468761.1055598,1791468761.1055598,97.5,30.9,,,,
1791468762.1082065,1791468762.1082065,99.6,30.2,,,,
1791468763.109476,1791468763.109476,100.0,29.4,,,,
1791468764.110858,1791468764.110858,100.0,30.7,,,,
1791468765.112433,1791468765.112433,100.0,30.2,,,,
1791468766.1137636,1791468766.1137636,99.8,30.2,,,,
1791468767.1164963,1791468767.1164963,99.9,30.5,,,,
1791468768.120164,1791468768.120164,100.0,30.6,,,,
1791468769.1286056,1791468769.1286056,100.0,29.6,,,,
1791468770.129802,1791468770.129802,99.8,30.1,,,,
1791468771.1316679,1791468771.1316679,98.5,30.5,,,,
1791468772.1337166,1791468772.1337166,99.3,30.2,,,,
1791468773.1349995,1791468773.1349995,97.2,30.0,,,,
1791468774.1387625,1791468774.1387625,96.5,30.6,,,,
1791468775.152591,1791468775.152591,92.2,30.2,,,,
1791468776.1535776,1791468776.1535776,94.6,30.7,,,,
1791468777.1552572,1791468777.1552572,98.3,30.2,,,,
1791468778.1624842,1791468778.1624842,92.3,30.2,,,,
1791468779.164543,1791468779.164543,95.9,30.9,,,,
1791468780.166065,1791468780.166065,93.6,30.2,,,,
1791468781.1672833,1791468781.1672833,98.1,30.0,,,,
1791468782.1692321,1791468782.1692321,96.2,30.9,,,,
1791468783.172198,1791468783.172198,96.9,30.2,,,,
1791468784.1735113,1791468784.1735113,94.8,29.3,,,,
1791468785.1762028,1791468785.1762028,99.6,30.8,,,,
1791468786.1780114,1791468786.1780114,99.2,29.6,,,,
1791468787.1791723,1791468787.1791723,91.4,29.6,,,,
1791468788.182937,1791468788.182937,98.6,30.8,,,,
1791468789.1918006,1791468789.1918006,99.9,30.8,,,,
1791468790.1967814,1791468790.1967814,97.9,29.9,,,,
1791468791.1988854,1791468791.1988854,94.8,30.9,,,,
1791468792.2011497,1791468792.2011497,93.5,30.2,,,,
1791468793.2025685,1791468793.2025685,94.1,29.9,,,,
1791468794.2071657,1791468794.2071657,97.9,30.6,,,,
1791468795.2088807,1791468795.2088807,97.2,30.2,,,,
1791468796.2146409,1791468796.2146409,93.5,30.7,,,,
1791468797.2171407,1791468797.2171407,96.1,30.1,,,,
1791468798.2188334,1791468798.2188334,97.6,30.2,,,,
1791468799.2199082,1791468799.2199082,100.0,30.5,,,,
1791468800.2243915,1791468800.2243915,99.7,30.8,,,,
1791468801.226415,1791468801.226415,98.3,30.2,,,,
1791468802.227943,1791468802.227943,98.0,30.4,,,,
1791468803.2290945,1791468803.2290945,99.1,30.7,,,,
1791468804.2304833,1791468804.2304833,99.4,30.2,,,,
1791468805.2350707,1791468805.2350707,97.7,30.0,,,,
1791468806.2637599,1791468806.2637599,96.2,30.6,,,,
1791468807.2654092,1791468807.2654092,96.3,30.2,,,,
1791468808.2676268,1791468808.2676268,100.0,30.6,,,,
1791468809.2698052,1791468809.2698052,98.9,30.6,,,,
1791468810.2716825,1791468810.2716825,98.0,30.2,,,,
1791468811.2745721,1791468811.2745721,98.8,30.6,,,,
1791468812.2908106,1791468812.2908106,99.9,30.5,,,,
1791468813.2929668,1791468813.2929668,100.0,30.2,,,,
1791468814.294327,1791468814.294327,100.0,29.9,,,,
1791468815.295523,1791468815.295523,99.9,30.8,,,,
1791468816.3028986,1791468816.3028986,99.0,30.2,,,,
1791468817.3040931,1791468817.3040931,98.6,30.2,,,,
1791468818.307335,1791468818.307335,96.3,30.9,,,,
1791468819.324898,1791468819.324898,95.1,30.2,,,,
1791468820.328437,1791468820.328437,93.3,29.6,,,,
1791468821.3326788,1791468821.3326788,98.3,30.9,,,,
1791468822.349162,1791468822.349162,98.2,30.2,,,,
1791468823.352324,1791468823.352324,98.1,29.9,,,,
1791468824.3808017,1791468824.3808017,99.9,30.8,,,,
1791468825.3881216,1791468825.3881216,98.0,30.2,,,,
1791468826.3912537,1791468826.3912537,98.1,29.9,,,,
1791468827.395352,1791468827.395352,94.6,30.6,,,,
1791468828.3966992,1791468828.3966992,94.7,30.2,,,,
1791468829.3979142,1791468829.3979142,93.9,30.7,,,,
1791468830.4163024,1791468830.4163024,99.3,30.1,,,,
1791468831.4186249,1791468831.4186249,98.8,29.8,,,,
1791468832.4199295,1791468832.4199295,99.9,30.9,,,,
1791468833.4340863,1791468833.4340863,100.0,30.2,,,,
1791468834.452204,1791468834.452204,100.0,30.2,,,,
1791468835.4549232,1791468835.4549232,100.0,30.6,,,,
1791468836.4566932,1791468836.4566932,99.9,30.6,,,,
1791468837.4585311,1791468837.4585311,99.8,30.2,,,,
1791468838.460359,1791468838.460359,99.9,30.0,,,,
1791468839.480953,1791468839.480953,99.6,30.8,,,,
1791468840.4830244,1791468840.4830244,99.5,30.2,,,,
1791468841.4843671,1791468841.4843671,95.4,29.3,,,,
1791468842.4856648,1791468842.4856648,93.8,30.8,,,,
1791468843.4944346,1791468843.4944346,96.5,30.2,,,,
1791468844.4957156,1791468844.4957156,98.9,30.1,,,,
1791468845.4986777,1791468845.4986777,96.4,30.4,,,,
1791468846.5003264,1791468846.5003264,94.3,30.3,,,,
1791468847.5016174,1791468847.5016174,93.1,30.0,,,,
1791468848.5029879,1791468848.5029879,98.7,30.6,,,,
1791468849.5045905,1791468849.5045905,94.9,30.2,,,,
1791468850.5057495,1791468850.5057495,94.1,30.8,,,,
1791468851.507311,1791468851.507311,97.0,30.2,,,,
1791468852.5087464,1791468852.5087464,96.6,30.1,,,,
1791468853.5104291,1791468853.5104291,98.7,30.9,,,,
1791468854.5123858,1791468854.5123858,96.3,30.2,,,,
1791468855.5139034,1791468855.5139034,95.7,29.3,,,,
1791468856.5151842,1791468856.5151842,93.6,30.9,,,,
1791468857.5170288,1791468857.5170288,98.6,30.2,,,,
1791468858.5182445,1791468858.5182445,97.0,30.0,,,,
1791468859.5200784,1791468859.5200784,96.0,30.9,,,,
1791468860.5215163,1791468860.5215163,93.5,30.2,,,,
1791468861.5239968,1791468861.5239968,96.3,30.2,,,,
1791468862.5320294,1791468862.5320294,96.9,30.6,,,,
1791468863.5338833,1791468863.5338833,94.2,30.2,,,,
1791468864.534923,1791468864.534923,91.5,30.8,,,,
1791468865.5362592,1791468865.5362592,96.9,30.2,,,,
1791468866.5375807,1791468866.5375807,99.9,29.3,,,,
1791468867.5401976,1791468867.5401976,99.3,30.8,,,,
1791468868.5430062,1791468868.5430062,99.4,30.2,,,,
1791468869.5442748,1791468869.5442748,98.4,29.3,,,,
1791468870.5452852,1791468870.5452852,99.9,30.8,,,,
1791468871.5578692,1791468871.5578692,99.8,30.2,,,,
1791468872.560086,1791468872.560086,98.6,29.9,,,,
1791468873.5648913,1791468873.5648913,93.7,30.6,,,,
1791468874.566442,1791468874.566442,95.8,30.2,,,,
1791468875.5682425,1791468875.5682425,99.1,30.3,,,,
1791468876.590458,1791468876.590458,99.4,30.7,,,,
1791468877.5928035,1791468877.5928035,99.9,30.2,,,,
1791468878.594982,1791468878.594982,99.8,30.2,,,,
1791468879.6119123,1791468879.6119123,100.0,30.7,,,,
1791468880.613936,1791468880.613936,100.0,29.7,,,,
1791468881.6164865,1791468881.6164865,99.9,29.4,,,,
1791468882.6175396,1791468882.6175396,99.6,31.0,,,,
1791468883.6191692,1791468883.6191692,98.1,30.3,,,,
1791468884.6201963,1791468884.6201963,96.8,29.4,,,,
1791468885.624823,1791468885.624823,93.5,31.1,,,,
1791468886.6293528,1791468886.6293528,96.7,30.3,,,,
1791468887.630737,1791468887.630737,96.8,30.2,,,,
1791468888.632613,1791468888.632613,99.0,30.6,,,,
1791468889.6435852,1791468889.6435852,97.5,30.3,,,,
1791468890.6449845,1791468890.6449845,93.7,30.0,,,,
1791468891.6463578,1791468891.6463578,97.0,30.6,,,,
1791468892.64816,1791468892.64816,97.2,30.3,,,,
1791468893.6498413,1791468893.6498413,99.0,30.1,,,,
1791468894.652021,1791468894.652021,97.8,30.7,,,,
1791468895.65376,1791468895.65376,97.5,30.3,,,,
1791468896.6559544,1791468896.6559544,94.8,30.4,,,,
1791468897.663571,1791468897.663571,99.6,30.7,,,,
1791468898.6789985,1791468898.6789985,99.8,30.3,,,,
1791468899.6814263,1791468899.6814263,99.8,30.4,,,,
1791468900.6973546,1791468900.6973546,100.0,30.7,,,,
1791468901.7101815,1791468901.7101815,100.0,30.3,,,,
1791468902.7178783,1791468902.7178783,100.0,30.0,,,,
1791468903.7265542,1791468903.7265542,100.0,31.1,,,,
1791468904.7290356,1791468904.7290356,100.0,30.0,,,,
1791468905.7316525,1791468905.7316525,100.0,29.7,,,,
1791468906.7338574,1791468906.7338574,100.0,30.7,,,,
1791468907.7451344,1791468907.7451344,100.0,30.7,,,,
1791468908.746934,1791468908.746934,100.0,30.3,,,,
1791468909.7484162,1791468909.7484162,99.9,30.1,,,,
1791468910.7499669,1791468910.7499669,100.0,30.5,,,,
1791468911.7518792,1791468911.7518792,100.0,30.2,,,,
1791468912.7530875,1791468912.7530875,98.9,30.1,,,,
1791468913.7546256,1791468913.7546256,99.0,30.7,,,,
1791468914.7570336,1791468914.7570336,98.5,30.2,,,,
1791468915.758635,1791468915.758635,99.6,30.4,,,,
1791468916.760482,1791468916.760482,99.4,30.6,,,,
1791468917.762828,1791468917.762828,98.5,30.2,,,,
1791468918.7639716,1791468918.7639716,94.9,30.9,,,,
1791468919.76527,1791468919.76527,97.0,30.2,,,,
1791468920.7673132,1791468920.7673132,98.1,29.3,,,,
1791468921.768807,1791468921.768807,96.9,30.9,,,,
1791468922.7711182,1791468922.7711182,97.1,30.2,,,,
1791468923.7726636,1791468923.7726636,94.8,29.9,,,,
1791468924.775067,1791468924.775067,99.5,30.9,,,,
1791468925.7832775,1791468925.7832775,96.1,30.3,,,,
1791468926.7843258,1791468926.7843258,94.1,30.1,,,,
1791468927.786394,1791468927.786394,94.3,30.7,,,,
1791468928.7880907,1791468928.7880907,99.3,30.4,,,,
1791468929.7932978,1791468929.7932978,99.4,30.1,,,,
1791468930.79474,1791468930.79474,95.4,30.8,,,,
1791468931.7963367,1791468931.7963367,96.0,30.4,,,,
1791468932.797615,1791468932.797615,95.0,30.8,,,,
1791468933.7993147,1791468933.7993147,99.2,30.4,,,,
1791468934.801563,1791468934.801563,98.9,30.3,,,,
1791468935.8028502,1791468935.8028502,98.5,30.8,,,,
1791468936.804246,1791468936.804246,99.6,30.1,,,,
1791468937.8057804,1791468937.8057804,99.0,30.3,,,,
1791468938.807549,1791468938.807549,99.9,30.7,,,,
1791468939.8106077,1791468939.8106077,99.7,30.8,,,,
1791468940.8125494,1791468940.8125494,98.5,30.4,,,,
1791468941.8138375,1791468941.8138375,95.8,30.9,,,,
1791468942.8154733,1791468942.8154733,98.7,30.3,,,,
1791468943.8171084,1791468943.8171084,99.6,30.2,,,,
1791468944.820102,1791468944.820102,100.0,31.2,,,,
1791468945.8229456,1791468945.8229456,100.0,30.1,,,,
1791468946.8248694,1791468946.8248694,100.0,30.4,,,,
1791468947.8266578,1791468947.8266578,100.0,30.9,,,,
1791468948.839637,1791468948.839637,99.6,30.2,,,,
1791468949.8417354,1791468949.8417354,98.8,30.4,,,,
1791468950.8433359,1791468950.8433359,99.0,30.9,,,,
1791468951.8448215,1791468951.8448215,99.9,30.4,,,,
1791468952.846517,1791468952.846517,97.5,30.4,,,,
1791468953.8476892,1791468953.8476892,97.4,31.1,,,,
1791468954.8494203,1791468954.8494203,99.6,30.3,,,,
1791468955.8506558,1791468955.8506558,99.9,30.3,,,,
1791468956.8527095,1791468956.8527095,99.9,30.8,,,,
1791468957.8834467,1791468957.8834467,98.6,30.2,,,,
1791468958.8853397,1791468958.8853397,98.5,30.3,,,,
1791468959.8869393,1791468959.8869393,96.2,31.0,,,,
1791468960.8902886,1791468960.8902886,98.8,30.3,,,,
1791468961.8915203,1791468961.8915203,94.5,30.3,,,,
1791468962.893028,1791468962.893028,93.9,31.0,,,,
1791468963.8946092,1791468963.8946092,95.2,30.3,,,,
1791468964.8956656,1791468964.8956656,96.0,29.4,,,,
1791468965.8969903,1791468965.8969903,96.8,30.9,,,,
1791468966.8991542,1791468966.8991542,97.7,30.3,,,,
1791468967.9001586,1791468967.9001586,97.1,30.0,,,,
1791468968.9014359,1791468968.9014359,97.8,31.1,,,,
1791468969.907868,1791468969.907868,99.9,30.2,,,,
1791468970.9090936,1791468970.9090936,99.9,29.9,,,,
1791468971.9111743,1791468971.9111743,100.0,30.8,,,,
1791468972.9147892,1791468972.9147892,99.6,30.2,,,,
1791468973.9163876,1791468973.9163876,99.9,29.3,,,,
1791468974.9188333,1791468974.9188333,100.0,30.9,,,,
1791468975.9264228,1791468975.9264228,99.6,29.6,,,,
1791468976.9280367,1791468976.9280367,99.1,29.3,,,,
1791468977.931569,1791468977.931569,98.2,30.9,,,,
1791468978.9327517,1791468978.9327517,99.7,30.2,,,,
1791468979.9337678,1791468979.9337678,93.0,29.3,,,,
1791468980.9352314,1791468980.9352314,95.9,31.0,,,,
1791468981.9367816,1791468981.9367816,93.8,30.2,,,,
1791468982.938304,1791468982.938304,97.5,29.9,,,,
1791468983.9401224,1791468983.9401224,98.2,30.8,,,,
1791468984.9418187,1791468984.9418187,96.8,30.3,,,,
1791468985.9433193,1791468985.9433193,94.5,30.4,,,,
1791468986.9469023,1791468986.9469023,97.0,30.9,,,,
1791468987.953055,1791468987.953055,98.2,29.7,,,,
1791468988.9540677,1791468988.9540677,94.8,30.8,,,,
1791468989.9557412,1791468989.9557412,93.7,30.2,,,,
1791468990.956966,1791468990.956966,95.4,29.3,,,,
1791468991.9618547,1791468991.9618547,99.4,30.8,,,,
1791468992.9669929,1791468992.9669929,98.9,31.1,,,,
1791468993.9686563,1791468993.9686563,94.5,30.3,,,,
1791468994.9700148,1791468994.9700148,98.3,30.8,,,,
1791468995.9735978,1791468995.9735978,97.6,30.4,,,,
1791468996.9749272,1791468996.9749272,98.4,30.2,,,,
1791468997.9787567,1791468997.9787567,97.1,30.7,,,,
1791468998.9800909,1791468998.9800909,95.2,30.4,,,,
1791468999.9810975,1791468999.9810975,93.2,31.0,,,,
1791469000.982638,1791469000.982638,99.9,30.4,,,,
1791469001.9840448,1791469001.9840448,97.7,30.0,,,,
1791469002.985827,1791469002.985827,98.6,31.1,,,,
1791469003.9924076,1791469003.9924076,98.2,30.3,,,,
1791469004.9935927,1791469004.9935927,99.0,29.5,,,,
1791469005.9956315,1791469005.9956315,97.8,31.0,,,,
1791469006.996849,1791469006.996849,93.3,30.4,,,,
1791469007.998368,1791469007.998368,95.8,29.5,,,,
1791469008.9997776,1791469008.9997776,98.9,31.0,,,,
1791469010.0014412,1791469010.0014412,100.0,30.4,,,,
1791469011.0066972,1791469011.0066972,99.4,29.8,,,,
1791469012.0109448,1791469012.0109448,97.9,30.9,,,,
1791469013.0129669,1791469013.0129669,93.4,30.4,,,,
1791469014.0142896,1791469014.0142896,96.0,30.4,,,,
1791469015.0155451,1791469015.0155451,97.3,30.8,,,,
1791469016.0182183,1791469016.0182183,90.4,30.3,,,,
1791469017.0193205,1791469017.0193205,97.7,30.2,,,,
1791469018.0250762,1791469018.0250762,98.0,30.9,,,,
1791469019.0325189,1791469019.0325189,99.0,30.3,,,,
1791469020.0348647,1791469020.0348647,93.1,30.7,,,,
1791469021.0371118,1791469021.0371118,96.8,30.5,,,,
1791469022.0383296,1791469022.0383296,93.7,30.3,,,,
1791469023.0414803,1791469023.0414803,98.4,30.7,,,,
1791469024.046435,1791469024.046435,99.5,30.2,,,,
1791469025.048056,1791469025.048056,99.6,29.9,,,,
1791469026.0491428,1791469026.0491428,99.6,31.0,,,,
1791469027.051175,1791469027.051175,100.0,30.2,,,,
1791469028.052482,1791469028.052482,100.0,30.1,,,,
1791469029.0537634,1791469029.0537634,99.9,31.0,,,,
1791469030.0558167,1791469030.0558167,97.1,30.2,,,,
1791469031.0570588,1791469031.0570588,93.5,29.4,,,,
1791469032.0582979,1791469032.0582979,99.2,31.0,,,,
1791469033.059866,1791469033.059866,96.6,30.3,,,,
1791469034.0660825,1791469034.0660825,92.6,30.3,,,,
1791469035.0811157,1791469035.0811157,95.8,30.7,,,,
1791469036.0845819,1791469036.0845819,99.3,30.3,,,,
1791469037.0857732,1791469037.0857732,99.9,30.5,,,,
1791469038.0943596,1791469038.0943596,99.6,30.8,,,,
1791469039.0983222,1791469039.0983222,99.5,30.3,,,,
1791469040.0998104,1791469040.0998104,99.3,30.5,,,,
1791469041.1251273,1791469041.1251273,99.4,30.8,,,,
1791469042.1275096,1791469042.1275096,95.5,30.2,,,,
1791469043.128943,1791469043.128943,94.0,30.7,,,,
1791469044.1306443,1791469044.1306443,94.2,30.0,,,,
1791469045.13308,1791469045.13308,96.6,30.2,,,,
1791469046.134809,1791469046.134809,99.0,30.9,,,,
1791469047.1473691,1791469047.1473691,99.9,30.2,,,,
1791469048.1489875,1791469048.1489875,99.8,29.8,,,,
1791469049.1507537,1791469049.1507537,100.0,30.9,,,,
1791469050.1522536,1791469050.1522536,100.0,30.1,,,,
1791469051.1541061,1791469051.1541061,98.1,30.2,,,,
1791469052.1583033,1791469052.1583033,96.8,31.0,,,,
1791469053.160208,1791469053.160208,94.9,30.2,,,,
1791469054.1615267,1791469054.1615267,96.5,29.9,,,,
1791469055.162951,1791469055.162951,99.5,31.0,,,,
1791469056.1647325,1791469056.1647325,98.1,31.0,,,,
1791469057.1659796,1791469057.1659796,98.0,30.0,,,,
1791469058.1792383,1791469058.1792383,100.0,31.0,,,,
1791469059.245565,1791469059.245565,100.0,30.4,,,,
1791469060.2476146,1791469060.2476146,99.5,30.7,,,,
1791469061.249671,1791469061.249671,96.4,31.1,,,,
1791469062.251797,1791469062.251797,97.6,30.4,,,,
1791469063.2541697,1791469063.2541697,96.4,29.5,,,,
1791469064.2562811,1791469064.2562811,98.6,31.1,,,,
1791469065.2626739,1791469065.2626739,95.1,30.4,,,,
1791469066.2641678,1791469066.2641678,95.2,29.5,,,,
1791469067.2652404,1791469067.2652404,96.1,31.2,,,,
1791469068.2671442,1791469068.2671442,98.4,30.4,,,,
1791469069.268519,1791469069.268519,94.6,30.3,,,,
1791469070.2698777,1791469070.2698777,98.2,30.7,,,,
1791469071.2719178,1791469071.2719178,97.9,30.4,,,,
1791469072.2747977,1791469072.2747977,99.3,30.5,,,,
1791469073.2921844,1791469073.2921844,99.5,30.8,,,,
1791469074.2943919,1791469074.2943919,99.0,30.4,,,,
1791469075.2957876,1791469075.2957876,98.3,30.9,,,,
1791469076.300197,1791469076.300197,99.5,30.4,,,,
1791469077.3335183,1791469077.3335183,99.9,30.0,,,,
1791469078.3346753,1791469078.3346753,100.0,31.2,,,,
1791469079.3362317,1791469079.3362317,98.4,30.5,,,,
1791469080.3374913,1791469080.3374913,96.8,29.6,,,,
1791469081.3396482,1791469081.3396482,95.9,31.1,,,,
1791469082.3731549,1791469082.3731549,96.0,31.1,,,,
1791469083.3748708,1791469083.3748708,90.2,30.9,,,,
1791469084.3768764,1791469084.3768764,93.0,30.4,,,,
1791469085.3810377,1791469085.3810377,93.3,29.6,,,,
1791469086.3843508,1791469086.3843508,100.0,31.1,,,,
1791469087.3880832,1791469087.3880832,98.7,30.5,,,,
1791469088.389242,1791469088.389242,97.6,30.2,,,,
1791469089.3904305,1791469089.3904305,98.2,30.8,,,,
1791469090.3918443,1791469090.3918443,99.5,30.4,,,,
1791469091.392925,1791469091.392925,91.1,31.0,,,,
1791469092.3940444,1791469092.3940444,96.9,30.5,,,,
1791469093.3953948,1791469093.3953948,91.6,29.6,,,,
1791469094.396732,1791469094.396732,95.3,30.6,,,,
1791469095.3984966,1791469095.3984966,92.7,30.4,,,,
1791469096.3994594,1791469096.3994594,89.4,31.1,,,,
1791469097.4010599,1791469097.4010599,88.1,31.1,,,,
1791469098.4020576,1791469098.4020576,92.0,30.6,,,,
1791469099.4041944,1791469099.4041944,99.7,31.1,,,,
1791469100.4058845,1791469100.4058845,96.3,29.6,,,,
1791469101.407775,1791469101.407775,98.0,31.0,,,,
1791469102.40951,1791469102.40951,98.5,31.1,,,,
1791469103.4112484,1791469103.4112484,98.0,30.2,,,,
1791469104.4273474,1791469104.4273474,98.5,30.8,,,,
1791469105.4288702,1791469105.4288702,98.2,31.2,,,,
1791469106.4303877,1791469106.4303877,88.0,31.2,,,,
1791469107.4317706,1791469107.4317706,95.8,31.1,,,,
1791469108.4332683,1791469108.4332683,94.1,30.2,,,,
1791469109.4344397,1791469109.4344397,88.9,31.1,,,,
1791469110.4358692,1791469110.4358692,88.7,31.2,,,,
1791469111.4367807,1791469111.4367807,95.7,31.1,,,,
1791469112.4387102,1791469112.4387102,96.6,30.5,,,,
1791469113.4402106,1791469113.4402106,92.2,30.2,,,,
1791469114.4422379,1791469114.4422379,89.6,31.0,,,,
1791469115.4435103,1791469115.4435103,92.1,31.2,,,,
1791469116.4449906,1791469116.4449906,96.4,31.2,,,,
1791469117.446738,1791469117.446738,91.8,31.2,,,,
1791469118.45129,1791469118.45129,92.3,30.2,,,,
1791469119.4525092,1791469119.4525092,97.3,30.8,,,,
1791469120.4538655,1791469120.4538655,99.9,30.4,,,,
1791469121.4565482,1791469121.4565482,99.9,30.9,,,,
1791469122.4621649,1791469122.4621649,100.0,30.4,,,,
1791469123.4634593,1791469123.4634593,99.4,29.9,,,,
1791469124.4664776,1791469124.4664776,100.0,31.1,,,,
1791469125.4882305,1791469125.4882305,99.3,30.4,,,,
1791469126.4895992,1791469126.4895992,97.1,30.5,,,,
1791469127.4911613,1791469127.4911613,97.8,31.0,,,,
1791469128.4927506,1791469128.4927506,94.8,30.4,,,,
1791469129.493963,1791469129.493963,97.7,30.9,,,,
1791469130.4955227,1791469130.4955227,88.5,31.1,,,,
1791469131.4965534,1791469131.4965534,87.7,29.9,,,,
1791469132.4982696,1791469132.4982696,89.9,30.8,,,,
1791469133.4993877,1791469133.4993877,97.6,31.0,,,,
1791469134.500435,1791469134.500435,90.8,31.0,,,,
1791469135.5027978,1791469135.5027978,89.9,30.4,,,,
1791469136.5039449,1791469136.5039449,89.0,29.5,,,,
1791469137.505143,1791469137.505143,96.9,30.7,,,,
1791469138.507171,1791469138.507171,94.6,30.4,,,,
1791469139.5083845,1791469139.5083845,96.4,30.6,,,,
1791469140.509963,1791469140.509963,97.7,30.4,,,,
1791469141.5113356,1791469141.5113356,98.5,30.3,,,,
1791469142.5124867,1791469142.5124867,99.9,30.9,,,,
1791469143.5149138,1791469143.5149138,96.7,30.3,,,,
1791469144.5168781,1791469144.5168781,97.7,30.1,,,,
1791469145.5264943,1791469145.5264943,98.5,30.7,,,,
1791469146.527781,1791469146.527781,96.5,30.3,,,,
1791469147.529198,1791469147.529198,89.7,30.9,,,,
1791469148.5306368,1791469148.5306368,86.3,31.0,,,,
1791469149.532102,1791469149.532102,89.8,30.8,,,,
1791469150.533745,1791469150.533745,98.1,30.2,,,,
1791469151.5350792,1791469151.5350792,97.8,29.4,,,,
1791469152.5371242,1791469152.5371242,96.8,30.5,,,,
1791469153.5416212,1791469153.5416212,96.6,30.9,,,,
1791469154.5435684,1791469154.5435684,96.9,30.7,,,,
1791469155.5666635,1791469155.5666635,95.7,30.9,,,,
1791469156.5681572,1791469156.5681572,89.0,29.9,,,,
1791469157.57071,1791469157.57071,90.1,30.7,,,,
1791469158.5744226,1791469158.5744226,89.1,29.5,,,,
1791469159.5761325,1791469159.5761325,96.5,30.9,,,,
1791469160.5783079,1791469160.5783079,91.3,31.0,,,,
1791469161.5793674,1791469161.5793674,88.7,30.7,,,,
1791469162.5809476,1791469162.5809476,91.1,30.3,,,,
1791469163.5824103,1791469163.5824103,95.5,30.0,,,,
1791469164.5836012,1791469164.5836012,90.7,30.5,,,,
1791469165.585159,1791469165.585159,90.7,29.3,,,,
1791469166.5865262,1791469166.5865262,97.1,30.8,,,,
1791469167.5897343,1791469167.5897343,99.5,30.2,,,,
1791469168.5917118,1791469168.5917118,98.1,29.7,,,,
1791469169.5932207,1791469169.5932207,96.5,30.6,,,,
1791469170.595062,1791469170.595062,97.8,30.2,,,,
1791469171.5970154,1791469171.5970154,98.2,30.2,,,,
1791469172.6075933,1791469172.6075933,99.9,30.8,,,,
1791469173.6129994,1791469173.6129994,89.8,29.3,,,,
1791469174.6139548,1791469174.6139548,89.5,30.7,,,,
1791469175.615648,1791469175.615648,89.4,30.9,,,,
1791469176.6169133,1791469176.6169133,94.8,30.9,,,,
1791469177.6193697,1791469177.6193697,91.1,30.2,,,,
1791469178.620857,1791469178.620857,88.4,30.7,,,,
1791469179.622511,1791469179.622511,94.5,30.3,,,,
1791469180.623837,1791469180.623837,92.6,29.4,,,,
1791469181.6248524,1791469181.6248524,93.1,30.6,,,,
1791469182.6262605,1791469182.6262605,89.0,31.0,,,,
1791469183.6275392,1791469183.6275392,87.2,31.0,,,,
1791469184.628917,1791469184.628917,89.3,31.0,,,,
1791469185.630468,1791469185.630468,95.6,30.4,,,,
1791469186.6383724,1791469186.6383724,98.5,31.1,,,,
1791469187.640282,1791469187.640282,97.3,30.4,,,,
1791469188.647147,1791469188.647147,99.1,31.1,,,,
1791469189.6664884,1791469189.6664884,100.0,30.4,,,,
1791469190.66774,1791469190.66774,99.5,29.5,,,,
1791469191.6698792,1791469191.6698792,99.9,31.0,,,,
1791469192.6835086,1791469192.6835086,99.5,30.4,,,,
1791469193.6846747,1791469193.6846747,99.4,30.1,,,,
1791469194.6861806,1791469194.6861806,98.3,30.7,,,,
1791469195.6880548,1791469195.6880548,97.4,30.4,,,,
1791469196.6890807,1791469196.6890807,90.1,30.9,,,,
1791469197.6906526,1791469197.6906526,92.5,31.1,,,,
1791469198.6922512,1791469198.6922512,95.2,29.9,,,,
1791469199.6935616,1791469199.6935616,94.5,30.6,,,,
1791469200.6949434,1791469200.6949434,91.7,30.9,,,,
1791469201.6963286,1791469201.6963286,92.0,31.1,,,,
1791469202.6981459,1791469202.6981459,96.4,30.4,,,,
1791469203.6995173,1791469203.6995173,89.4,30.7,,,,
1791469204.700833,1791469204.700833,89.4,31.1,,,,
1791469205.7024512,1791469205.7024512,91.3,30.2,,,,
1791469206.704382,1791469206.704382,99.6,30.8,,,,
1791469207.7259874,1791469207.7259874,98.9,30.4,,,,
1791469208.7270195,1791469208.7270195,97.1,30.8,,,,
1791469209.7281904,1791469209.7281904,97.4,30.2,,,,
1791469210.7298467,1791469210.7298467,97.9,29.4,,,,
1791469211.7312303,1791469211.7312303,99.9,30.9,,,,
1791469212.7331483,1791469212.7331483,96.8,30.3,,,,
1791469213.7343347,1791469213.7343347,88.8,30.9,,,,
1791469214.7358904,1791469214.7358904,92.4,31.0,,,,
1791469215.7367816,1791469215.7367816,99.6,29.7,,,,
1791469216.7408342,1791469216.7408342,96.4,30.8,,,,
1791469217.742996,1791469217.742996,97.0,30.2,,,,
1791469218.7440333,1791469218.7440333,97.4,30.0,,,,
1791469219.7456028,1791469219.7456028,96.2,30.6,,,,
1791469220.7468264,1791469220.7468264,94.7,30.2,,,,
1791469221.7480335,1791469221.7480335,91.0,30.8,,,,
1791469222.7494504,1791469222.7494504,91.3,30.9,,,,
1791469223.7512274,1791469223.7512274,92.2,30.2,,,,
1791469224.7529466,1791469224.7529466,96.9,30.9,,,,
1791469225.754791,1791469225.754791,91.2,30.9,,,,
1791469226.7558994,1791469226.7558994,87.7,30.9,,,,
1791469227.7574475,1791469227.7574475,89.4,30.9,,,,
1791469228.758557,1791469228.758557,97.8,30.9,,,,
1791469229.7600453,1791469229.7600453,90.5,31.0,,,,
1791469230.7613397,1791469230.7613397,87.9,30.3,,,,
1791469231.763094,1791469231.763094,92.4,30.9,,,,
1791469232.7644236,1791469232.7644236,94.5,29.4,,,,
1791469233.7654955,1791469233.7654955,98.0,30.9,,,,
1791469234.7668834,1791469234.7668834,98.2,30.2,,,,
1791469235.774944,1791469235.774944,97.8,30.3,,,,
1791469236.8108451,1791469236.8108451,99.5,30.7,,,,
1791469237.8125365,1791469237.8125365,98.9,30.3,,,,
1791469238.8140063,1791469238.8140063,97.7,31.0,,,,
1791469239.8166108,1791469239.8166108,99.6,30.4,,,,
1791469240.8214347,1791469240.8214347,93.1,30.0,,,,
1791469241.8231437,1791469241.8231437,97.4,30.7,,,,
1791469242.824494,1791469242.824494,88.7,30.3,,,,
1791469243.8253279,1791469243.8253279,88.7,30.9,,,,
1791469244.8271017,1791469244.8271017,95.3,31.1,,,,
1791469245.828248,1791469245.828248,98.6,29.5,,,,
1791469246.8293111,1791469246.8293111,95.3,31.0,,,,
1791469247.8308828,1791469247.8308828,87.6,31.0,,,,
1791469248.832037,1791469248.832037,88.4,30.8,,,,
1791469249.8336225,1791469249.8336225,95.3,31.1,,,,
1791469250.8349879,1791469250.8349879,92.6,30.0,,,,
1791469251.8369641,1791469251.8369641,86.1,30.8,,,,
1791469252.8379838,1791469252.8379838,92.2,31.0,,,,
1791469253.8407836,1791469253.8407836,99.1,30.8,,,,
1791469254.8634298,1791469254.8634298,99.9,30.3,,,,
1791469255.864797,1791469255.864797,98.9,29.8,,,,
1791469256.8664973,1791469256.8664973,99.9,31.0,,,,
1791469257.8696902,1791469257.8696902,99.9,30.3,,,,
1791469258.8711205,1791469258.8711205,99.9,30.3,,,,
1791469259.873028,1791469259.873028,98.9,30.5,,,,
1791469260.8744676,1791469260.8744676,96.4,30.3,,,,
1791469261.8755143,1791469261.8755143,97.6,30.7,,,,
1791469262.8773484,1791469262.8773484,99.0,30.1,,,,
1791469263.8794188,1791469263.8794188,93.6,29.5,,,,
1791469264.881807,1791469264.881807,89.3,31.0,,,,
1791469265.88311,1791469265.88311,92.0,31.1,,,,
1791469266.8842347,1791469266.8842347,93.1,30.8,,,,
1791469267.8853576,1791469267.8853576,96.1,31.0,,,,
1791469268.8868577,1791469268.8868577,90.1,30.1,,,,
1791469269.8894284,1791469269.8894284,91.0,30.7,,,,
1791469270.8904479,1791469270.8904479,89.4,29.6,,,,
1791469271.8918493,1791469271.8918493,95.6,30.9,,,,
1791469272.893809,1791469272.893809,94.8,31.0,,,,
1791469273.8953218,1791469273.8953218,97.2,30.7,,,,
1791469274.897674,1791469274.897674,95.3,31.0,,,,
1791469275.8989835,1791469275.8989835,99.1,30.2,,,,
1791469276.9005554,1791469276.9005554,97.1,30.9,,,,
1791469277.9027314,1791469277.9027314,97.1,30.3,,,,
1791469278.9039612,1791469278.9039612,95.0,30.0,,,,
1791469279.905581,1791469279.905581,98.2,30.7,,,,
1791469280.907347,1791469280.907347,99.7,30.2,,,,
1791469281.9086082,1791469281.9086082,96.4,30.9,,,,
1791469282.9104233,1791469282.9104233,97.3,30.3,,,,
1791469283.91172,1791469283.91172,95.4,29.8,,,,
1791469284.91328,1791469284.91328,94.7,30.4,,,,
1791469285.914785,1791469285.914785,93.4,31.0,,,,
1791469286.9161792,1791469286.9161792,89.2,30.7,,,,
1791469287.9178205,1791469287.9178205,88.8,30.9,,,,
1791469288.9190867,1791469288.9190867,94.0,29.9,,,,
1791469289.9203358,1791469289.9203358,96.8,30.6,,,,
1791469290.9217052,1791469290.9217052,90.6,31.0,,,,
1791469291.9228399,1791469291.9228399,91.3,30.9,,,,
1791469292.924594,1791469292.924594,92.8,30.9,,,,
1791469293.925649,1791469293.925649,93.3,30.1,,,,
1791469294.926921,1791469294.926921,94.3,30.9,,,,
1791469295.9306545,1791469295.9306545,93.4,30.3,,,,
1791469296.931582,1791469296.931582,92.5,31.0,,,,
1791469297.9330597,1791469297.9330597,98.0,31.0,,,,
1791469298.9343414,1791469298.9343414,87.6,30.4,,,,
1791469299.9361825,1791469299.9361825,90.9,31.0,,,,
1791469300.9374,1791469300.9374,96.9,30.5,,,,
1791469301.9389489,1791469301.9389489,99.5,31.0,,,,
1791469302.9596705,1791469302.9596705,99.0,30.3,,,,
1791469303.9621022,1791469303.9621022,98.4,30.0,,,,
1791469304.9731023,1791469304.9731023,98.3,30.7,,,,
1791469305.9743328,1791469305.9743328,98.9,31.1,,,,
1791469306.975539,1791469306.975539,95.1,30.0,,,,
1791469307.9768105,1791469307.9768105,90.7,30.7,,,,
1791469308.9781306,1791469308.9781306,91.2,30.7,,,,
1791469309.9793005,1791469309.9793005,94.6,30.9,,,,
1791469310.9806798,1791469310.9806798,98.4,31.0,,,,
1791469311.9822502,1791469311.9822502,90.9,30.5,,,,
1791469312.9837432,1791469312.9837432,90.8,30.9,,,,
1791469313.9848118,1791469313.9848118,90.5,30.0,,,,
1791469314.9882798,1791469314.9882798,99.0,30.6,,,,
1791469316.0021203,1791469316.0021203,94.4,30.3,,,,
1791469317.0033193,1791469317.0033193,91.4,30.7,,,,
1791469318.0045958,1791469318.0045958,93.9,30.9,,,,
1791469319.0067768,1791469319.0067768,95.7,29.4,,,,
1791469320.0105994,1791469320.0105994,98.1,31.0,,,,
1791469321.0342493,1791469321.0342493,98.0,30.2,,,,
1791469322.0359733,1791469322.0359733,97.8,30.0,,,,
1791469323.0404572,1791469323.0404572,98.4,30.7,,,,
1791469324.0444512,1791469324.0444512,100.0,30.2,,,,
1791469325.0477793,1791469325.0477793,99.7,30.9,,,,
1791469326.0520632,1791469326.0520632,99.9,29.8,,,,
1791469327.0540082,1791469327.0540082,99.6,29.6,,,,
1791469328.0554173,1791469328.0554173,99.4,30.8,,,,
1791469329.0577996,1791469329.0577996,98.4,30.2,,,,
1791469330.0615296,1791469330.0615296,99.0,29.6,,,,
1791469331.0682094,1791469331.0682094,98.2,29.1,,,,
1791469332.0701318,1791469332.0701318,99.6,27.5,,,,
1791469333.0714722,1791469333.0714722,99.4,27.0,,,,
1791469334.0727746,1791469334.0727746,99.4,28.4,,,,
1791469335.0740838,1791469335.0740838,98.7,27.6,,,,
1791469336.0757084,1791469336.0757084,98.6,27.4,,,,
1791469337.077116,1791469337.077116,100.0,27.7,,,,
1791469338.0784104,1791469338.0784104,98.1,27.1,,,,
1791469339.0798118,1791469339.0798118,97.6,27.1,,,,
1791469340.0819733,1791469340.0819733,100.0,27.4,,,,
1791469341.084255,1791469341.084255,100.0,26.8,,,,
1791469342.0860076,1791469342.0860076,99.1,27.2,,,,
1791469343.0890994,1791469343.0890994,96.7,26.7,,,,
1791469344.090312,1791469344.090312,98.6,25.9,,,,
1791469345.0921469,1791469345.0921469,99.7,27.4,,,,
1791469346.1002085,1791469346.1002085,100.0,26.8,,,,
1791469347.1014922,1791469347.1014922,96.4,26.0,,,,
1791469348.10295,1791469348.10295,98.0,27.6,,,,
1791469349.104369,1791469349.104369,90.1,26.8,,,,
1791469350.1057813,1791469350.1057813,96.7,27.1,,,,
1791469351.1069722,1791469351.1069722,93.6,27.5,,,,
1791469352.1086297,1791469352.1086297,95.4,26.6,,,,
1791469353.1106403,1791469353.1106403,93.2,27.5,,,,
1791469354.1124268,1791469354.1124268,93.4,27.6,,,,
1791469355.113712,1791469355.113712,92.3,26.8,,,,
1791469356.1148157,1791469356.1148157,87.6,27.6,,,,
1791469357.1162808,1791469357.1162808,89.4,26.8,,,,
1791469358.117501,1791469358.117501,92.8,27.6,,,,
1791469359.1201298,1791469359.1201298,95.1,27.0,,,,
1791469360.1212444,1791469360.1212444,87.3,27.5,,,,
1791469361.1223724,1791469361.1223724,93.4,27.0,,,,
1791469362.1261668,1791469362.1261668,88.0,26.8,,,,
1791469363.127631,1791469363.127631,97.0,27.4,,,,
1791469364.1291835,1791469364.1291835,89.6,26.6,,,,
1791469365.1309085,1791469365.1309085,89.0,27.6,,,,
1791469366.133166,1791469366.133166,88.1,27.7,,,,
1791469367.1355784,1791469367.1355784,94.9,27.7,,,,
1791469368.1374986,1791469368.1374986,98.9,27.0,,,,
1791469369.138785,1791469369.138785,97.1,26.2,,,,
1791469370.1397595,1791469370.1397595,98.7,27.5,,,,
1791469371.1415243,1791469371.1415243,98.0,27.0,,,,
1791469372.14299,1791469372.14299,99.9,27.2,,,,
1791469373.144849,1791469373.144849,98.6,27.6,,,,
1791469374.1467018,1791469374.1467018,97.1,27.1,,,,
1791469375.148468,1791469375.148468,92.8,27.7,,,,
1791469376.149836,1791469376.149836,98.0,27.1,,,,
1791469377.1510944,1791469377.1510944,92.4,26.8,,,,
1791469378.152525,1791469378.152525,92.4,27.9,,,,
1791469379.1543896,1791469379.1543896,88.8,27.9,,,,
1791469380.1557562,1791469380.1557562,95.5,27.6,,,,
1791469381.1574612,1791469381.1574612,94.2,27.8,,,,
1791469382.1583867,1791469382.1583867,92.2,26.3,,,,
1791469383.1596017,1791469383.1596017,91.1,27.7,,,,
1791469384.161263,1791469384.161263,93.3,27.9,,,,
1791469385.1622486,1791469385.1622486,93.5,27.6,,,,
1791469386.1636074,1791469386.1636074,91.0,27.2,,,,
1791469387.1648343,1791469387.1648343,97.4,26.3,,,,
1791469388.1673398,1791469388.1673398,97.0,28.0,,,,
1791469389.1765213,1791469389.1765213,99.6,27.3,,,,
1791469390.1779108,1791469390.1779108,98.2,27.0,,,,
1791469391.1795926,1791469391.1795926,97.7,27.7,,,,
1791469392.1818364,1791469392.1818364,99.8,27.3,,,,
1791469393.183099,1791469393.183099,97.1,27.0,,,,
1791469394.1855886,1791469394.1855886,100.0,27.6,,,,
1791469395.2100394,1791469395.2100394,99.1,27.3,,,,
1791469396.2110379,1791469396.2110379,97.0,27.9,,,,
1791469397.214251,1791469397.214251,99.2,27.3,,,,
1791469398.2153847,1791469398.2153847,98.4,26.4,,,,
1791469399.2167742,1791469399.2167742,90.3,28.0,,,,
1791469400.217945,1791469400.217945,93.6,28.0,,,,
1791469401.2195737,1791469401.2195737,91.6,27.8,,,,
1791469402.2212691,1791469402.2212691,96.4,28.0,,,,
1791469403.2225463,1791469403.2225463,90.7,26.4,,,,
1791469404.2235148,1791469404.2235148,91.8,28.1,,,,
1791469405.2259657,1791469405.2259657,89.9,28.0,,,,
1791469406.2274873,1791469406.2274873,95.7,27.9,,,,
1791469407.2510338,1791469407.2510338,98.9,27.3,,,,
1791469408.2522984,1791469408.2522984,98.2,26.4,,,,
1791469409.2535048,1791469409.2535048,99.9,27.9,,,,
1791469410.255426,1791469410.255426,100.0,27.3,,,,
1791469411.25665,1791469411.25665,99.9,26.4,,,,
1791469412.2592278,1791469412.2592278,99.9,27.8,,,,
1791469413.2704098,1791469413.2704098,99.9,28.0,,,,
1791469414.271515,1791469414.271515,95.6,27.1,,,,
1791469415.272635,1791469415.272635,97.9,27.6,,,,
1791469416.2797074,1791469416.2797074,91.3,28.1,,,,
1791469417.280707,1791469417.280707,82.5,28.0,,,,
1791469418.2826264,1791469418.2826264,90.3,28.0,,,,
1791469419.283892,1791469419.283892,97.6,27.3,,,,
1791469420.2853348,1791469420.2853348,95.1,27.9,,,,
1791469421.2876837,1791469421.2876837,91.1,26.7,,,,
1791469422.289294,1791469422.289294,91.8,28.0,,,,
1791469423.2905426,1791469423.2905426,94.2,28.0,,,,
1791469424.2921531,1791469424.2921531,92.5,27.8,,,,
1791469425.2936907,1791469425.2936907,92.9,28.1,,,,
1791469426.2949643,1791469426.2949643,89.0,27.2,,,,
1791469427.2965202,1791469427.2965202,93.3,27.9,,,,
1791469428.2989912,1791469428.2989912,93.5,27.9,,,,
1791469429.302877,1791469429.302877,92.2,28.1,,,,
1791469430.3177128,1791469430.3177128,98.1,27.4,,,,
1791469431.319155,1791469431.319155,96.6,27.1,,,,
1791469432.3206658,1791469432.3206658,97.3,27.8,,,,
1791469433.3222752,1791469433.3222752,94.8,27.1,,,,
1791469434.3235812,1791469434.3235812,92.1,28.1,,,,
1791469435.3249037,1791469435.3249037,96.3,27.4,,,,
1791469436.325932,1791469436.325932,98.2,26.7,,,,
1791469437.3280983,1791469437.3280983,100.0,28.3,,,,
1791469438.3334892,1791469438.3334892,99.5,27.5,,,,
1791469439.3346698,1791469439.3346698,98.4,26.7,,,,
1791469440.3358662,1791469440.3358662,98.1,28.3,,,,
1791469441.3373487,1791469441.3373487,99.6,27.9,,,,
1791469443.1936994,1791469443.1936994,54.5,27.8,,,,
1791469444.4328544,1791469444.4328544,58.5,28.1,,,,
1791469445.462995,1791469445.462995,100.0,28.5,,,,
1791469446.4647489,1791469446.4647489,99.6,28.3,,,,
1791469447.4660718,1791469447.4660718,96.8,27.2,,,,
1791469448.4698994,1791469448.4698994,99.9,28.7,,,,
1791469449.4777687,1791469449.4777687,100.0,28.3,,,,
1791469450.4795847,1791469450.4795847,99.9,28.3,,,,
1791469451.4825175,1791469451.4825175,100.0,28.0,,,,
1791469452.4850655,1791469452.4850655,100.0,29.0,,,,
1791469453.4998732,1791469453.4998732,100.0,28.4,,,,
1791469454.501782,1791469454.501782,100.0,27.7,,,,
1791469455.5036898,1791469455.5036898,100.0,29.1,,,,
1791469456.5065174,1791469456.5065174,100.0,28.6,,,,
1791469457.5082703,1791469457.5082703,100.0,28.5,,,,
1791469458.5103104,1791469458.5103104,100.0,29.2,,,,
1791469459.5117521,1791469459.5117521,100.0,28.8,,,,
1791469460.5137718,1791469460.5137718,100.0,28.9,,,,
1791469461.5151422,1791469461.5151422,100.0,29.2,,,,
1791469462.5166523,1791469462.5166523,100.0,29.3,,,,
1791469463.5181978,1791469463.5181978,100.0,28.4,,,,
1791469464.5196447,1791469464.5196447,100.0,29.2,,,,
1791469465.5210276,1791469465.5210276,100.0,29.8,,,,
1791469466.523617,1791469466.523617,100.0,29.4,,,,
1791469467.5253017,1791469467.5253017,100.0,28.6,,,,
1791469468.5268779,1791469468.5268779,100.0,30.3,,,,
1791469469.5394819,1791469469.5394819,100.0,29.6,,,,
1791469470.541005,1791469470.541005,100.0,28.8,,,,
1791469471.542465,1791469471.542465,100.0,30.4,,,,
1791469472.5437734,1791469472.5437734,100.0,29.7,,,,
1791469473.5454764,1791469473.5454764,99.9,28.8,,,,
1791469474.5474174,1791469474.5474174,100.0,30.4,,,,
1791469475.5554407,1791469475.5554407,100.0,29.8,,,,
1791469476.556856,1791469476.556856,100.0,29.8,,,,
1791469477.5589194,1791469477.5589194,100.0,30.2,,,,
1791469478.5638795,1791469478.5638795,100.0,29.7,,,,
1791469479.5789526,1791469479.5789526,100.0,29.7,,,,
1791469480.5803254,1791469480.5803254,100.0,29.9,,,,
1791469481.5873544,1791469481.5873544,100.0,30.2,,,,
1791469482.5896947,1791469482.5896947,100.0,29.8,,,,
1791469483.591137,1791469483.591137,99.9,29.7,,,,
1791469484.5933075,1791469484.5933075,100.0,30.3,,,,
1791469485.6010756,1791469485.6010756,100.0,29.8,,,,
1791469486.6024728,1791469486.6024728,99.8,30.3,,,,
1791469487.6039941,1791469487.6039941,100.0,29.6,,,,
1791469488.60575,1791469488.60575,100.0,29.8,,,,
1791469489.6096554,1791469489.6096554,100.0,30.1,,,,
1791469490.6116862,1791469490.6116862,100.0,30.4,,,,
1791469491.6133761,1791469491.6133761,99.9,29.8,,,,
1791469492.614623,1791469492.614623,99.8,29.9,,,,
1791469493.6193988,1791469493.6193988,100.0,30.3,,,,
1791469494.6279008,1791469494.6279008,100.0,29.9,,,,
1791469495.62952,1791469495.62952,99.9,29.8,,,,
1791469496.6317303,1791469496.6317303,99.8,30.4,,,,
1791469497.6342106,1791469497.6342106,99.8,29.9,,,,
1791469498.636774,1791469498.636774,100.0,29.9,,,,
1791469499.6871321,1791469499.6871321,100.0,30.1,,,,
1791469500.6923218,1791469500.6923218,100.0,30.0,,,,
1791469501.6941788,1791469501.6941788,99.8,29.7,,,,
1791469502.7049663,1791469502.7049663,100.0,30.6,,,,
1791469503.7607198,1791469503.7607198,100.0,29.9,,,,
1791469504.762092,1791469504.762092,99.4,29.1,,,,
1791469505.7633314,1791469505.7633314,99.4,30.6,,,,
1791469506.7675548,1791469506.7675548,99.3,29.3,,,,
1791469507.7694252,1791469507.7694252,99.9,29.4,,,,
1791469508.7723234,1791469508.7723234,100.0,30.4,,,,
1791469509.7749672,1791469509.7749672,100.0,29.6,,,,
1791469510.7768986,1791469510.7768986,100.0,29.9,,,,
1791469511.7782497,1791469511.7782497,100.0,30.4,,,,
1791469512.7796648,1791469512.7796648,100.0,30.6,,,,
1791469513.7814195,1791469513.7814195,100.0,29.9,,,,
1791469514.7828858,1791469514.7828858,99.9,29.9,,,,
1791469515.7841902,1791469515.7841902,100.0,30.5,,,,
1791469516.786204,1791469516.786204,100.0,29.9,,,,
1791469517.787512,1791469517.787512,100.0,30.0,,,,
1791469518.7890596,1791469518.7890596,100.0,30.6,,,,
1791469519.7915642,1791469519.7915642,100.0,29.9,,,,
1791469520.792999,1791469520.792999,100.0,30.2,,,,
1791469521.7960653,1791469521.7960653,100.0,30.5,,,,
1791469522.7977011,1791469522.7977011,100.0,30.0,,,,
1791469523.7991843,1791469523.7991843,100.0,30.5,,,,
1791469524.8006496,1791469524.8006496,100.0,30.0,,,,
1791469525.8023002,1791469525.8023002,99.9,30.0,,,,
1791469526.8057716,1791469526.8057716,100.0,30.1,,,,
1791469527.855451,1791469527.855451,100.0,30.6,,,,
1791469528.8596525,1791469528.8596525,99.8,30.0,,,,
1791469529.862329,1791469529.862329,100.0,29.9,,,,
1791469530.8867118,1791469530.8867118,100.0,30.3,,,,
1791469531.8888102,1791469531.8888102,99.9,29.4,,,,
1791469532.8903103,1791469532.8903103,100.0,29.1,,,,
1791469533.892981,1791469533.892981,100.0,30.6,,,,
1791469534.8983848,1791469534.8983848,100.0,30.0,,,,
1791469535.8997529,1791469535.8997529,100.0,29.1,,,,
1791469536.9015796,1791469536.9015796,100.0,30.6,,,,
1791469537.90359,1791469537.90359,100.0,30.0,,,,
1791469538.9051008,1791469538.9051008,100.0,30.0,,,,
1791469539.9089303,1791469539.9089303,99.9,30.5,,,,
1791469540.9386587,1791469540.9386587,100.0,30.0,,,,
1791469541.9458427,1791469541.9458427,100.0,30.0,,,,
1791469542.9472456,1791469542.9472456,100.0,29.5,,,,
1791469543.9488,1791469543.9488,100.0,30.6,,,,
1791469544.9510727,1791469544.9510727,100.0,30.1,,,,
1791469545.9529986,1791469545.9529986,99.9,30.1,,,,
1791469546.9544382,1791469546.9544382,100.0,30.4,,,,
1791469547.9566104,1791469547.9566104,100.0,30.7,,,,
1791469548.9589837,1791469548.9589837,99.9,30.0,,,,
1791469549.960576,1791469549.960576,100.0,30.4,,,,
1791469550.9635127,1791469550.9635127,100.0,30.5,,,,
1791469551.9656909,1791469551.9656909,99.9,30.0,,,,
1791469552.9673126,1791469552.9673126,100.0,30.0,,,,
1791469553.9706488,1791469553.9706488,99.9,30.5,,,,
1791469554.977325,1791469554.977325,100.0,30.0,,,,
1791469555.9790058,1791469555.9790058,100.0,29.8,,,,
1791469556.981259,1791469556.981259,100.0,30.7,,,,
1791469557.9832778,1791469557.9832778,100.0,30.1,,,,
1791469558.9848254,1791469558.9848254,99.1,29.8,,,,
1791469559.9870586,1791469559.9870586,100.0,30.7,,,,
1791469560.9887433,1791469560.9887433,100.0,30.1,,,,
1791469561.9903135,1791469561.9903135,99.8,29.2,,,,
1791469562.991996,1791469562.991996,100.0,30.8,,,,
1791469563.9935992,1791469563.9935992,100.0,30.0,,,,
1791469564.9952238,1791469564.9952238,99.8,29.7,,,,
1791469565.9965425,1791469565.9965425,100.0,30.4,,,,
1791469566.9982114,1791469566.9982114,99.8,30.1,,,,
1791469567.9997196,1791469567.9997196,100.0,29.2,,,,
1791469569.0011263,1791469569.0011263,100.0,30.8,,,,
1791469570.0024948,1791469570.0024948,99.9,30.1,,,,
1791469571.0038388,1791469571.0038388,100.0,29.5,,,,
1791469572.0053458,1791469572.0053458,100.0,30.7,,,,
1791469573.0079014,1791469573.0079014,100.0,30.1,,,,
1791469574.0092492,1791469574.0092492,99.9,30.1,,,,
1791469575.01135,1791469575.01135,100.0,30.7,,,,
1791469576.0144942,1791469576.0144942,100.0,30.0,,,,
1791469577.0162294,1791469577.0162294,100.0,30.0,,,,
1791469578.0179024,1791469578.0179024,100.0,30.6,,,,
1791469579.020959,1791469579.020959,100.0,30.1,,,,
1791469580.02891,1791469580.02891,100.0,30.1,,,,
1791469581.0303104,1791469581.0303104,100.0,30.1,,,,
1791469582.031812,1791469582.031812,100.0,30.4,,,,
1791469583.0345614,1791469583.0345614,100.0,30.1,,,,
1791469584.0369015,1791469584.0369015,99.8,30.2,,,,
1791469585.040063,1791469585.040063,100.0,30.7,,,,
1791469586.0420449,1791469586.0420449,100.0,30.1,,,,
1791469587.0435364,1791469587.0435364,100.0,30.1,,,,
1791469588.0451195,1791469588.0451195,100.0,30.5,,,,
1791469589.0468478,1791469589.0468478,99.8,30.1,,,,
1791469590.047998,1791469590.047998,100.0,29.9,,,,
1791469591.0499942,1791469591.0499942,100.0,30.6,,,,
1791469592.0565882,1791469592.0565882,100.0,30.1,,,,
1791469593.057994,1791469593.057994,100.0,30.2,,,,
1791469594.0592206,1791469594.0592206,100.0,30.6,,,,
1791469595.0607476,1791469595.0607476,100.0,30.2,,,,
1791469596.062278,1791469596.062278,100.0,30.4,,,,
1791469597.0638049,1791469597.0638049,100.0,30.4,,,,
1791469598.0651822,1791469598.0651822,100.0,30.2,,,,
1791469599.066936,1791469599.066936,100.0,30.7,,,,
1791469600.0801053,1791469600.0801053,100.0,30.8,,,,
1791469601.0823832,1791469601.0823832,100.0,29.6,,,,
1791469602.0844357,1791469602.0844357,100.0,30.7,,,,
1791469603.089943,1791469603.089943,100.0,29.9,,,,
1791469604.091692,1791469604.091692,100.0,30.2,,,,
1791469605.094652,1791469605.094652,100.0,30.0,,,,
1791469606.1232164,1791469606.1232164,100.0,30.8,,,,
1791469607.1246946,1791469607.1246946,100.0,30.2,,,,
1791469608.1263547,1791469608.1263547,99.9,29.3,,,,
1791469609.12779,1791469609.12779,100.0,30.9,,,,
1791469610.1297052,1791469610.1297052,100.0,30.2,,,,
1791469611.1309142,1791469611.1309142,100.0,29.9,,,,
1791469612.1328285,1791469612.1328285,100.0,30.8,,,,
1791469613.1359801,1791469613.1359801,100.0,30.2,,,,
1791469614.1375923,1791469614.1375923,99.9,30.2,,,,
1791469615.1387634,1791469615.1387634,100.0,30.6,,,,
1791469616.1403904,1791469616.1403904,100.0,30.5,,,,
1791469617.1420681,1791469617.1420681,100.0,30.3,,,,
1791469618.1438048,1791469618.1438048,100.0,30.2,,,,
1791469619.1454437,1791469619.1454437,100.0,30.6,,,,
1791469620.1471004,1791469620.1471004,100.0,30.2,,,,
1791469621.148572,1791469621.148572,100.0,30.4,,,,
1791469622.1501307,1791469622.1501307,100.0,30.5,,,,
1791469623.151885,1791469623.151885,100.0,30.1,,,,
1791469624.1536891,1791469624.1536891,100.0,30.6,,,,
1791469625.1691008,1791469625.1691008,100.0,30.6,,,,
1791469626.1715586,1791469626.1715586,100.0,30.2,,,,
1791469627.1733847,1791469627.1733847,100.0,30.2,,,,
1791469628.177608,1791469628.177608,100.0,30.7,,,,
1791469629.1874864,1791469629.1874864,100.0,30.2,,,,
1791469630.188717,1791469630.188717,100.0,30.1,,,,
1791469631.1919158,1791469631.1919158,100.0,30.5,,,,
1791469632.1933992,1791469632.1933992,100.0,30.2,,,,
1791469633.1950505,1791469633.1950505,100.0,29.9,,,,
1791469634.1972299,1791469634.1972299,100.0,30.7,,,,
1791469635.1992023,1791469635.1992023,99.7,30.2,,,,
1791469636.20023,1791469636.20023,100.0,30.1,,,,
1791469637.206061,1791469637.206061,100.0,30.6,,,,
1791469638.21076,1791469638.21076,100.0,30.2,,,,
1791469639.2121723,1791469639.2121723,100.0,30.3,,,,
1791469640.2144845,1791469640.2144845,100.0,30.7,,,,
1791469641.2177482,1791469641.2177482,100.0,30.2,,,,
1791469642.2194238,1791469642.2194238,99.5,30.1,,,,
1791469643.2212431,1791469643.2212431,99.9,30.6,,,,
1791469644.2227008,1791469644.2227008,100.0,30.2,,,,
1791469645.2243984,1791469645.2243984,100.0,30.2,,,,
1791469646.2263818,1791469646.2263818,100.0,30.7,,,,
1791469647.2313118,1791469647.2313118,100.0,30.2,,,,
1791469648.2332342,1791469648.2332342,100.0,30.3,,,,
1791469649.2462363,1791469649.2462363,100.0,30.7,,,,
1791469650.2481077,1791469650.2481077,100.0,30.2,,,,
1791469651.2505913,1791469651.2505913,95.1,30.1,,,,
1791469652.2655313,1791469652.2655313,99.9,30.6,,,,
1791469653.2668254,1791469653.2668254,100.0,30.3,,,,
1791469654.268506,1791469654.268506,100.0,30.7,,,,
1791469655.2699363,1791469655.2699363,99.9,30.1,,,,
1791469656.2717855,1791469656.2717855,99.9,30.2,,,,
1791469657.2741306,1791469657.2741306,100.0,30.7,,,,
1791469658.2990084,1791469658.2990084,100.0,30.3,,,,
1791469659.3004434,1791469659.3004434,99.9,29.4,,,,
1791469660.3041997,1791469660.3041997,100.0,31.0,,,,
1791469661.3075025,1791469661.3075025,100.0,30.3,,,,
1791469662.30897,1791469662.30897,100.0,29.4,,,,
1791469663.3106327,1791469663.3106327,100.0,30.8,,,,
1791469664.352982,1791469664.352982,99.9,30.3,,,,
1791469665.3542452,1791469665.3542452,99.9,29.4,,,,
1791469666.3567533,1791469666.3567533,99.7,31.0,,,,
1791469667.3585832,1791469667.3585832,100.0,30.3,,,,
1791469668.360203,1791469668.360203,100.0,30.3,,,,
1791469669.3616567,1791469669.3616567,100.0,30.8,,,,
1791469670.3660839,1791469670.3660839,100.0,30.4,,,,
1791469671.3681788,1791469671.3681788,100.0,30.3,,,,
1791469672.3703978,1791469672.3703978,100.0,30.7,,,,
1791469673.3740492,1791469673.3740492,100.0,30.6,,,,
1791469674.375831,1791469674.375831,100.0,30.2,,,,
1791469675.3790026,1791469675.3790026,100.0,29.9,,,,
1791469676.3942127,1791469676.3942127,100.0,30.8,,,,
1791469677.4141057,1791469677.4141057,100.0,30.2,,,,
1791469678.4157827,1791469678.4157827,100.0,30.3,,,,
1791469679.4184895,1791469679.4184895,100.0,30.7,,,,
1791469680.4350703,1791469680.4350703,100.0,30.7,,,,
1791469681.4381323,1791469681.4381323,100.0,29.7,,,,
1791469682.4404013,1791469682.4404013,100.0,30.1,,,,
1791469683.4831822,1791469683.4831822,100.0,30.5,,,,
1791469684.4848287,1791469684.4848287,100.0,30.3,,,,
1791469685.4865987,1791469685.4865987,100.0,30.3,,,,
1791469686.4933858,1791469686.4933858,100.0,30.7,,,,
1791469687.543102,1791469687.543102,100.0,30.3,,,,
1791469688.5444145,1791469688.5444145,100.0,30.2,,,,
1791469689.5456927,1791469689.5456927,100.0,30.8,,,,
1791469690.5486405,1791469690.5486405,100.0,30.2,,,,
1791469691.5605915,1791469691.5605915,100.0,30.2,,,,
1791469692.5961194,1791469692.5961194,100.0,30.7,,,,
1791469693.5977163,1791469693.5977163,99.8,30.3,,,,
1791469694.599349,1791469694.599349,99.9,30.4,,,,
1791469695.6009548,1791469695.6009548,100.0,30.9,,,,
1791469696.6025145,1791469696.6025145,100.0,30.4,,,,
1791469697.6040487,1791469697.6040487,100.0,30.7,,,,
1791469698.6058245,1791469698.6058245,100.0,30.9,,,,
1791469699.607895,1791469699.607895,100.0,30.3,,,,
1791469700.6092217,1791469700.6092217,100.0,30.5,,,,
1791469701.6114419,1791469701.6114419,100.0,31.0,,,,
1791469702.6133265,1791469702.6133265,100.0,30.4,,,,
1791469703.6147237,1791469703.6147237,100.0,30.9,,,,
1791469704.6162212,1791469704.6162212,100.0,30.1,,,,
1791469705.6180553,1791469705.6180553,100.0,30.3,,,,
1791469706.6195152,1791469706.6195152,100.0,30.7,,,,
1791469707.6210008,1791469707.6210008,100.0,30.4,,,,
1791469708.6227326,1791469708.6227326,100.0,30.4,,,,
1791469709.6241088,1791469709.6241088,100.0,30.6,,,,
1791469710.6259184,1791469710.6259184,100.0,31.0,,,,
1791469711.6280417,1791469711.6280417,100.0,30.3,,,,
1791469712.6294985,1791469712.6294985,99.9,30.2,,,,
1791469713.6354012,1791469713.6354012,100.0,30.7,,,,
1791469714.6400914,1791469714.6400914,100.0,30.4,,,,
1791469715.6417449,1791469715.6417449,100.0,29.5,,,,
1791469716.6431432,1791469716.6431432,100.0,31.0,,,,
1791469717.6446264,1791469717.6446264,100.0,30.4,,,,
1791469718.6461112,1791469718.6461112,100.0,29.8,,,,
1791469719.6478772,1791469719.6478772,100.0,30.9,,,,
1791469720.649979,1791469720.649979,99.9,30.4,,,,
1791469721.65151,1791469721.65151,100.0,29.5,,,,
1791469722.6534455,1791469722.6534455,100.0,31.1,,,,
1791469723.6555402,1791469723.6555402,100.0,30.4,,,,
1791469724.657063,1791469724.657063,100.0,30.5,,,,
1791469725.6583722,1791469725.6583722,100.0,30.9,,,,
1791469726.6595228,1791469726.6595228,100.0,30.4,,,,
1791469727.6609523,1791469727.6609523,100.0,30.5,,,,
1791469728.662311,1791469728.662311,100.0,30.7,,,,
1791469729.6702762,1791469729.6702762,100.0,31.1,,,,
1791469730.6723044,1791469730.6723044,99.9,30.4,,,,
1791469731.674405,1791469731.674405,100.0,30.9,,,,
1791469732.676182,1791469732.676182,100.0,30.4,,,,
1791469733.6779826,1791469733.6779826,100.0,30.5,,,,
1791469734.6795247,1791469734.6795247,100.0,30.9,,,,
1791469735.6811457,1791469735.6811457,100.0,30.9,,,,
1791469736.6829278,1791469736.6829278,100.0,30.5,,,,
1791469737.6876707,1791469737.6876707,100.0,30.6,,,,
1791469738.7233372,1791469738.7233372,100.0,30.8,,,,
1791469739.7254853,1791469739.7254853,100.0,30.5,,,,
1791469740.7320664,1791469740.7320664,100.0,30.2,,,,
1791469741.738469,1791469741.738469,100.0,31.2,,,,
1791469742.7429502,1791469742.7429502,99.8,29.9,,,,
1791469743.7443445,1791469743.7443445,100.0,29.9,,,,
1791469744.7513452,1791469744.7513452,100.0,31.0,,,,
1791469745.7654066,1791469745.7654066,100.0,30.2,,,,
1791469746.7672303,1791469746.7672303,100.0,30.5,,,,
1791469747.769072,1791469747.769072,100.0,30.8,,,,
1791469748.787017,1791469748.787017,100.0,30.8,,,,
1791469749.7887251,1791469749.7887251,100.0,30.5,,,,
1791469750.7950535,1791469750.7950535,99.3,30.5,,,,
1791469751.8063502,1791469751.8063502,100.0,31.1,,,,
1791469752.8396618,1791469752.8396618,100.0,30.5,,,,
1791469753.8410907,1791469753.8410907,100.0,29.6,,,,
1791469754.842482,1791469754.842482,100.0,31.1,,,,
1791469755.857016,1791469755.857016,100.0,30.5,,,,
1791469756.8594432,1791469756.8594432,100.0,29.9,,,,
1791469757.8612037,1791469757.8612037,100.0,31.1,,,,
1791469758.8624632,1791469758.8624632,100.0,30.5,,,,
1791469759.863782,1791469759.863782,100.0,30.0,,,,
1791469760.8672497,1791469760.8672497,99.3,31.2,,,,
1791469761.8960173,1791469761.8960173,100.0,30.5,,,,
1791469762.8976195,1791469762.8976195,100.0,29.9,,,,
1791469763.8989623,1791469763.8989623,96.3,31.0,,,,
1791469764.9033027,1791469764.9033027,100.0,30.5,,,,
1791469765.9175708,1791469765.9175708,100.0,30.5,,,,
1791469766.9190545,1791469766.9190545,100.0,31.0,,,,
1791469767.9314063,1791469767.9314063,100.0,30.2,,,,
1791469768.933384,1791469768.933384,100.0,30.5,,,,
1791469769.9349957,1791469769.9349957,100.0,30.6,,,,
1791469770.9367995,1791469770.9367995,100.0,31.1,,,,
1791469771.9392962,1791469771.9392962,100.0,30.5,,,,
1791469772.940743,1791469772.940743,100.0,31.0,,,,
1791469773.94258,1791469773.94258,100.0,31.0,,,,
1791469774.9440987,1791469774.9440987,100.0,30.6,,,,
1791469775.9468598,1791469775.9468598,100.0,31.0,,,,
1791469776.972231,1791469776.972231,100.0,30.6,,,,
1791469777.9738014,1791469777.9738014,100.0,30.5,,,,
1791469778.9781938,1791469778.9781938,99.4,31.0,,,,
1791469779.9821434,1791469779.9821434,100.0,31.1,,,,
1791469780.9841216,1791469780.9841216,100.0,30.5,,,,
1791469781.9875712,1791469781.9875712,100.0,30.4,,,,
1791469782.9953108,1791469782.9953108,100.0,30.9,,,,
1791469784.0591207,1791469784.0591207,100.0,30.6,,,,
1791469785.062123,1791469785.062123,100.0,30.0,,,,
1791469786.0790472,1791469786.0790472,100.0,31.3,,,,
1791469787.0859396,1791469787.0859396,100.0,30.5,,,,
1791469788.0872803,1791469788.0872803,100.0,29.6,,,,
1791469789.0961332,1791469789.0961332,100.0,31.2,,,,
1791469790.1328785,1791469790.1328785,100.0,30.5,,,,
1791469791.1344252,1791469791.1344252,100.0,29.7,,,,
1791469792.1359613,1791469792.1359613,98.4,31.3,,,,
1791469793.140683,1791469793.140683,100.0,30.6,,,,
1791469794.1422892,1791469794.1422892,100.0,30.5,,,,
1791469795.1463265,1791469795.1463265,100.0,31.1,,,,
1791469796.1645503,1791469796.1645503,99.9,30.5,,,,
1791469797.1720533,1791469797.1720533,100.0,30.6,,,,
1791469798.1736495,1791469798.1736495,99.9,31.1,,,,
1791469799.1764855,1791469799.1764855,100.0,30.6,,,,
1791469800.1926022,1791469800.1926022,100.0,30.7,,,,
1791469801.1942377,1791469801.1942377,100.0,31.1,,,,
1791469802.196381,1791469802.196381,100.0,30.3,,,,
1791469803.1980608,1791469803.1980608,99.9,30.6,,,,
1791469804.1999807,1791469804.1999807,100.0,31.1,,,,
1791469805.202111,1791469805.202111,100.0,31.2,,,,
1791469806.2043588,1791469806.2043588,99.8,30.0,,,,
1791469807.207818,1791469807.207818,100.0,30.5,,,,
1791469808.222321,1791469808.222321,100.0,31.1,,,,
1791469809.2616978,1791469809.2616978,100.0,30.6,,,,
1791469810.264075,1791469810.264075,99.8,29.8,,,,
1791469811.2664688,1791469811.2664688,100.0,31.2,,,,
1791469812.2782428,1791469812.2782428,100.0,30.6,,,,
1791469813.279862,1791469813.279862,100.0,30.7,,,,
1791469814.2869842,1791469814.2869842,100.0,31.3,,,,
1791469815.3102155,1791469815.3102155,100.0,30.5,,,,
1791469816.3119006,1791469816.3119006,100.0,30.7,,,,
1791469817.3138926,1791469817.3138926,100.0,31.2,,,,
1791469818.3158906,1791469818.3158906,100.0,30.6,,,,
1791469819.325091,1791469819.325091,100.0,30.7,,,,
1791469820.3275313,1791469820.3275313,100.0,30.8,,,,
1791469821.3407557,1791469821.3407557,100.0,31.0,,,,
1791469822.3430643,1791469822.3430643,99.9,30.7,,,,
1791469823.347195,1791469823.347195,100.0,30.6,,,,
1791469824.375045,1791469824.375045,100.0,31.1,,,,
1791469825.3920794,1791469825.3920794,100.0,30.7,,,,
1791469826.3932893,1791469826.3932893,100.0,29.8,,,,
1791469827.3947182,1791469827.3947182,100.0,31.4,,,,
1791469828.3961806,1791469828.3961806,100.0,30.7,,,,
1791469829.3977664,1791469829.3977664,100.0,30.6,,,,
1791469830.3998327,1791469830.3998327,99.7,31.4,,,,
1791469831.4246635,1791469831.4246635,100.0,30.7,,,,
1791469832.4259417,1791469832.4259417,100.0,30.0,,,,
1791469833.4310102,1791469833.4310102,100.0,31.4,,,,
1791469834.4525688,1791469834.4525688,100.0,30.7,,,,
1791469835.4538102,1791469835.4538102,100.0,29.8,,,,
1791469836.4586256,1791469836.4586256,100.0,31.4,,,,
1791469837.472996,1791469837.472996,100.0,30.7,,,,
1791469838.4849722,1791469838.4849722,100.0,30.4,,,,
1791469839.4888453,1791469839.4888453,100.0,31.3,,,,
1791469840.490539,1791469840.490539,100.0,30.7,,,,
1791469841.491817,1791469841.491817,99.1,30.4,,,,
1791469842.4934447,1791469842.4934447,100.0,31.5,,,,
1791469843.541917,1791469843.541917,100.0,30.8,,,,
1791469844.5432856,1791469844.5432856,100.0,30.1,,,,
1791469845.54579,1791469845.54579,100.0,31.5,,,,
1791469846.5545483,1791469846.5545483,100.0,30.8,,,,
1791469847.5560477,1791469847.5560477,100.0,29.9,,,,
1791469848.5584564,1791469848.5584564,99.6,31.5,,,,
1791469849.5623374,1791469849.5623374,100.0,30.8,,,,
1791469850.5636249,1791469850.5636249,100.0,29.9,,,,
1791469851.5651784,1791469851.5651784,100.0,31.3,,,,
1791469852.5671854,1791469852.5671854,100.0,30.8,,,,
1791469853.568396,1791469853.568396,100.0,30.8,,,,
1791469854.570059,1791469854.570059,100.0,31.5,,,,
1791469855.5717988,1791469855.5717988,100.0,30.3,,,,
1791469856.573659,1791469856.573659,100.0,30.2,,,,
1791469857.577104,1791469857.577104,100.0,31.1,,,,
1791469858.5789502,1791469858.5789502,100.0,31.0,,,,
1791469859.580731,1791469859.580731,100.0,30.8,,,,
1791469860.5822663,1791469860.5822663,100.0,30.9,,,,
1791469861.5917585,1791469861.5917585,100.0,31.3,,,,
1791469862.5942683,1791469862.5942683,99.9,30.8,,,,
1791469863.595985,1791469863.595985,100.0,31.5,,,,
1791469864.597189,1791469864.597189,100.0,30.8,,,,
1791469865.598513,1791469865.598513,99.9,30.8,,,,
1791469866.5999308,1791469866.5999308,100.0,31.5,,,,
1791469867.601991,1791469867.601991,100.0,30.8,,,,
1791469868.603295,1791469868.603295,100.0,30.9,,,,
1791469869.6071825,1791469869.6071825,100.0,31.6,,,,
1791469870.609886,1791469870.609886,100.0,30.8,,,,
1791469871.611134,1791469871.611134,99.9,30.8,,,,
1791469872.6123116,1791469872.6123116,100.0,31.3,,,,
1791469873.6142495,1791469873.6142495,100.0,31.5,,,,
1791469874.617284,1791469874.617284,100.0,30.2,,,,
1791469875.61875,1791469875.61875,100.0,30.7,,,,
1791469876.6212432,1791469876.6212432,100.0,31.4,,,,
